"../../../Engine/Plugins/2D/Paper2D/Content/PlaceholderTextures/DummySpriteTexture.ubulk" 0
"../../../Engine/Plugins/2D/Paper2D/Content/PlaceholderTextures/DummySpriteTexture.uasset" 1
"../../../Engine/Plugins/2D/Paper2D/Content/PlaceholderTextures/DummySpriteTexture.uexp" 2
"../../../Engine/Plugins/2D/Paper2D/Content/DummySprite.uasset" 3
"../../../Engine/Plugins/2D/Paper2D/Content/DummySprite.uexp" 4
"../../../Engine/Plugins/2D/Paper2D/Content/DefaultPaperTerrainMaterial.uasset" 5
"../../../Engine/Plugins/2D/Paper2D/Content/DefaultPaperTerrainMaterial.uexp" 6
"../../../Engine/Content/EngineMaterials/DefaultDestructiblePhysicalMaterial.uasset" 7
"../../../Engine/Content/EngineMaterials/DefaultDestructiblePhysicalMaterial.uexp" 8
"../../../Engine/Content/EngineFonts/Faces/DroidSansFallback.uexp" 9
"../../../Engine/Content/EngineFonts/Faces/DroidSansFallback.uasset" 10
"../../../Engine/Content/EngineFonts/Faces/DroidSansFallback.ufont" 11
"../../../Engine/Content/EngineFonts/Faces/RobotoBold.uexp" 12
"../../../Engine/Content/EngineFonts/Faces/RobotoBold.uasset" 13
"../../../Engine/Content/EngineFonts/Faces/RobotoBold.ufont" 14
"../../../Engine/Content/EngineFonts/Faces/RobotoBoldItalic.uexp" 15
"../../../Engine/Content/EngineFonts/Faces/RobotoBoldItalic.uasset" 16
"../../../Engine/Content/EngineFonts/Faces/RobotoBoldItalic.ufont" 17
"../../../Engine/Content/EngineFonts/Faces/RobotoItalic.uexp" 18
"../../../Engine/Content/EngineFonts/Faces/RobotoItalic.uasset" 19
"../../../Engine/Content/EngineFonts/Faces/RobotoItalic.ufont" 20
"../../../Engine/Content/EngineFonts/Faces/RobotoLight.uexp" 21
"../../../Engine/Content/EngineFonts/Faces/RobotoLight.uasset" 22
"../../../Engine/Content/EngineFonts/Faces/RobotoLight.ufont" 23
"../../../Engine/Content/EngineFonts/Faces/RobotoRegular.uexp" 24
"../../../Engine/Content/EngineFonts/Faces/RobotoRegular.uasset" 25
"../../../Engine/Content/EngineFonts/Faces/RobotoRegular.ufont" 26
"../../../Engine/Content/EngineFonts/Roboto.uasset" 27
"../../../Engine/Content/EngineFonts/Roboto.uexp" 28
"../../../Engine/Content/EngineFonts/Faces/DroidSansMono.uexp" 29
"../../../Engine/Content/EngineFonts/Faces/DroidSansMono.uasset" 30
"../../../Engine/Content/EngineFonts/Faces/DroidSansMono.ufont" 31
"../../../Engine/Content/EngineFonts/DroidSansMono.uasset" 32
"../../../Engine/Content/EngineFonts/DroidSansMono.uexp" 33
"../../../Engine/Plugins/Interchange/Runtime/Content/Pipelines/DefaultTexturePipeline.uasset" 34
"../../../Engine/Plugins/Interchange/Runtime/Content/Pipelines/DefaultTexturePipeline.uexp" 35
"../../../Engine/Plugins/Interchange/Runtime/Content/Pipelines/DefaultSceneLevelPipeline.uasset" 36
"../../../Engine/Plugins/Interchange/Runtime/Content/Pipelines/DefaultSceneLevelPipeline.uexp" 37
"../../../Engine/Plugins/Interchange/Runtime/Content/Pipelines/DefaultSceneAssetsPipeline.uasset" 38
"../../../Engine/Plugins/Interchange/Runtime/Content/Pipelines/DefaultSceneAssetsPipeline.uexp" 39
"../../../Engine/Plugins/Interchange/Runtime/Content/Pipelines/DefaultMaterialXPipeline.uasset" 40
"../../../Engine/Plugins/Interchange/Runtime/Content/Pipelines/DefaultMaterialXPipeline.uexp" 41
"../../../Engine/Plugins/Interchange/Runtime/Content/Pipelines/DefaultMaterialPipeline.uasset" 42
"../../../Engine/Plugins/Interchange/Runtime/Content/Pipelines/DefaultMaterialPipeline.uexp" 43
"../../../Engine/Plugins/Interchange/Runtime/Content/Pipelines/DefaultGLTFSceneAssetsPipeline.uasset" 44
"../../../Engine/Plugins/Interchange/Runtime/Content/Pipelines/DefaultGLTFSceneAssetsPipeline.uexp" 45
"../../../Engine/Plugins/Interchange/Runtime/Content/Pipelines/DefaultGLTFPipeline.uasset" 46
"../../../Engine/Plugins/Interchange/Runtime/Content/Pipelines/DefaultGLTFPipeline.uexp" 47
"../../../Engine/Plugins/Interchange/Runtime/Content/Pipelines/DefaultGLTFAssetsPipeline.uasset" 48
"../../../Engine/Plugins/Interchange/Runtime/Content/Pipelines/DefaultGLTFAssetsPipeline.uexp" 49
"../../../Engine/Plugins/Interchange/Runtime/Content/Pipelines/DefaultAssetsPipeline.uasset" 50
"../../../Engine/Plugins/Interchange/Runtime/Content/Pipelines/DefaultAssetsPipeline.uexp" 51
"../../../Engine/Content/EngineSounds/Master.uasset" 52
"../../../Engine/Content/EngineSounds/Master.uexp" 53
"../../../Engine/Content/MobileResources/HUD/VirtualJoystick_Thumb.uasset" 54
"../../../Engine/Content/MobileResources/HUD/VirtualJoystick_Thumb.uexp" 55
"../../../Engine/Content/MobileResources/HUD/VirtualJoystick_Background.uasset" 56
"../../../Engine/Content/MobileResources/HUD/VirtualJoystick_Background.uexp" 57
"../../../Engine/Content/MobileResources/HUD/DefaultVirtualJoysticks.uasset" 58
"../../../Engine/Content/MobileResources/HUD/DefaultVirtualJoysticks.uexp" 59
"../../../Engine/Content/EngineResources/GradientTexture0.uasset" 60
"../../../Engine/Content/EngineResources/GradientTexture0.uexp" 61
"../../../Engine/Content/EngineResources/Black.uasset" 62
"../../../Engine/Content/EngineResources/Black.uexp" 63
"../../../Engine/Content/EditorResources/S_Actor.ubulk" 64
"../../../Engine/Content/EditorResources/S_Actor.uasset" 65
"../../../Engine/Content/EditorResources/S_Actor.uexp" 66
"../../../Engine/Plugins/NNE/NNEDenoiser/Content/NNEDTOM_Output_Default.uasset" 67
"../../../Engine/Plugins/NNE/NNEDenoiser/Content/NNEDTOM_Output_Default.uexp" 68
"../../../Engine/Plugins/NNE/NNEDenoiser/Content/NNEDTOM_Output_Alpha.uasset" 69
"../../../Engine/Plugins/NNE/NNEDenoiser/Content/NNEDTOM_Output_Alpha.uexp" 70
"../../../Engine/Plugins/NNE/NNEDenoiser/Content/NNEDTIM_ColorAlbedoNormal_Default.uasset" 71
"../../../Engine/Plugins/NNE/NNEDenoiser/Content/NNEDTIM_ColorAlbedoNormal_Default.uexp" 72
"../../../Engine/Plugins/NNE/NNEDenoiser/Content/NNEDTIM_ColorAlbedoNormal_Alpha.uasset" 73
"../../../Engine/Plugins/NNE/NNEDenoiser/Content/NNEDTIM_ColorAlbedoNormal_Alpha.uexp" 74
"../../../Engine/Plugins/NNE/NNEDenoiser/Content/NNEDOM_Output_Default.uasset" 75
"../../../Engine/Plugins/NNE/NNEDenoiser/Content/NNEDOM_Output_Default.uexp" 76
"../../../Engine/Plugins/NNE/NNEDenoiser/Content/NNEDOM_Output_Alpha.uasset" 77
"../../../Engine/Plugins/NNE/NNEDenoiser/Content/NNEDOM_Output_Alpha.uexp" 78
"../../../Engine/Plugins/NNE/NNEDenoiser/Content/NNEDIM_HighQuality_Default.uasset" 79
"../../../Engine/Plugins/NNE/NNEDenoiser/Content/NNEDIM_HighQuality_Default.uexp" 80
"../../../Engine/Plugins/NNE/NNEDenoiser/Content/NNEDIM_HighQuality_Alpha.uasset" 81
"../../../Engine/Plugins/NNE/NNEDenoiser/Content/NNEDIM_HighQuality_Alpha.uexp" 82
"../../../Engine/Plugins/NNE/NNEDenoiser/Content/NNEDIM_ColorAlbedoNormal_Default.uasset" 83
"../../../Engine/Plugins/NNE/NNEDenoiser/Content/NNEDIM_ColorAlbedoNormal_Default.uexp" 84
"../../../Engine/Plugins/NNE/NNEDenoiser/Content/NNEDIM_ColorAlbedoNormal_Alpha.uasset" 85
"../../../Engine/Plugins/NNE/NNEDenoiser/Content/NNEDIM_ColorAlbedoNormal_Alpha.uexp" 86
"../../../Engine/Content/Functions/Engine_MaterialFunctions02/WorldPositionOffset/CameraOffset.uasset" 87
"../../../Engine/Content/Functions/Engine_MaterialFunctions02/WorldPositionOffset/CameraOffset.uexp" 88
"../../../Engine/Plugins/Animation/ControlRig/Content/M_Manip.uasset" 89
"../../../Engine/Plugins/Animation/ControlRig/Content/M_Manip.uexp" 90
"../../../Engine/Content/EditorLandscapeResources/WhiteSquareTexture.uasset" 91
"../../../Engine/Content/EditorLandscapeResources/WhiteSquareTexture.uexp" 92
"../../../Engine/Content/EditorLandscapeResources/LayerVisMaterial.uasset" 93
"../../../Engine/Content/EditorLandscapeResources/LayerVisMaterial.uexp" 94
"../../../Engine/Content/Functions/Engine_MaterialFunctions02/Utility/BreakOutFloat2Components.uasset" 95
"../../../Engine/Content/Functions/Engine_MaterialFunctions02/Utility/BreakOutFloat2Components.uexp" 96
"../../../Engine/Content/Functions/Engine_MaterialFunctions01/Texturing/ScaleUVsByCenter.uasset" 97
"../../../Engine/Content/Functions/Engine_MaterialFunctions01/Texturing/ScaleUVsByCenter.uexp" 98
"../../../Engine/Content/Functions/Engine_MaterialFunctions02/WorldPositionOffset/LocalPosition.uasset" 99
"../../../Engine/Content/Functions/Engine_MaterialFunctions02/WorldPositionOffset/LocalPosition.uexp" 100
"../../../Engine/Content/EngineMaterials/DefaultDiffuse.ubulk" 101
"../../../Engine/Content/EngineMaterials/DefaultDiffuse.uasset" 102
"../../../Engine/Content/EngineMaterials/DefaultDiffuse.uexp" 103
"../../../Engine/Content/Functions/Engine_MaterialFunctions01/Texturing/TextureCropping.uasset" 104
"../../../Engine/Content/Functions/Engine_MaterialFunctions01/Texturing/TextureCropping.uexp" 105
"../../../Engine/Content/Functions/Engine_MaterialFunctions02/ExampleContent/DebugNumberStrip.uasset" 106
"../../../Engine/Content/Functions/Engine_MaterialFunctions02/ExampleContent/DebugNumberStrip.uexp" 107
"../../../Engine/Content/Functions/Engine_MaterialFunctions01/Debug/DebugIntValues.uasset" 108
"../../../Engine/Content/Functions/Engine_MaterialFunctions01/Debug/DebugIntValues.uexp" 109
"../../../Engine/Content/EditorLandscapeResources/LandscapeLayerUsageMaterial.uasset" 110
"../../../Engine/Content/EditorLandscapeResources/LandscapeLayerUsageMaterial.uexp" 111
"../../../Engine/Content/EditorLandscapeResources/DefaultAlphaTexture.uasset" 112
"../../../Engine/Content/EditorLandscapeResources/DefaultAlphaTexture.uexp" 113
"../../../Engine/Content/EditorLandscapeResources/LandscapeDirtyMaterial.uasset" 114
"../../../Engine/Content/EditorLandscapeResources/LandscapeDirtyMaterial.uexp" 115
"../../../Engine/Content/EngineMaterials/RemoveSurfaceMaterial.uasset" 116
"../../../Engine/Content/EngineMaterials/RemoveSurfaceMaterial.uexp" 117
"../../../Engine/Content/EngineMaterials/PreintegratedSkinBRDF.uasset" 118
"../../../Engine/Content/EngineMaterials/PreintegratedSkinBRDF.uexp" 119
"../../../Engine/Content/EngineMaterials/DefaultCalibrationGrayscale.uasset" 120
"../../../Engine/Content/EngineMaterials/DefaultCalibrationGrayscale.uexp" 121
"../../../Engine/Content/EngineMaterials/PPM_DefaultCalibrationGrayscale.uasset" 122
"../../../Engine/Content/EngineMaterials/PPM_DefaultCalibrationGrayscale.uexp" 123
"../../../Engine/Content/EngineMaterials/DefaultCalibrationColor.uasset" 124
"../../../Engine/Content/EngineMaterials/DefaultCalibrationColor.uexp" 125
"../../../Engine/Content/EngineMaterials/PPM_DefaultCalibrationColor.uasset" 126
"../../../Engine/Content/EngineMaterials/PPM_DefaultCalibrationColor.uexp" 127
"../../../Engine/Content/EngineMaterials/PhAT_JointLimitMaterial.uasset" 128
"../../../Engine/Content/EngineMaterials/PhAT_JointLimitMaterial.uexp" 129
"../../../Engine/Content/EngineMaterials/NaniteHiddenSectionMaterial.uasset" 130
"../../../Engine/Content/EngineMaterials/NaniteHiddenSectionMaterial.uexp" 131
"../../../Engine/Content/EngineMaterials/InvalidLightmapSettings.ubulk" 132
"../../../Engine/Content/EngineMaterials/InvalidLightmapSettings.uasset" 133
"../../../Engine/Content/EngineMaterials/InvalidLightmapSettings.uexp" 134
"../../../Engine/Content/EngineMaterials/M_InvalidLightmapSettings.uasset" 135
"../../../Engine/Content/EngineMaterials/M_InvalidLightmapSettings.uexp" 136
"../../../Engine/Content/EngineMaterials/MiniFont.uasset" 137
"../../../Engine/Content/EngineMaterials/MiniFont.uexp" 138
"../../../Engine/Content/EngineMaterials/GizmoMaterial.uasset" 139
"../../../Engine/Content/EngineMaterials/GizmoMaterial.uexp" 140
"../../../Engine/Content/EngineMaterials/BaseFlattenDiffuseMap_VT.ubulk" 141
"../../../Engine/Content/EngineMaterials/BaseFlattenDiffuseMap_VT.uasset" 142
"../../../Engine/Content/EngineMaterials/BaseFlattenDiffuseMap_VT.uexp" 143
"../../../Engine/Content/EngineMaterials/BaseFlattenEmissiveMap_VT.ubulk" 144
"../../../Engine/Content/EngineMaterials/BaseFlattenEmissiveMap_VT.uasset" 145
"../../../Engine/Content/EngineMaterials/BaseFlattenEmissiveMap_VT.uexp" 146
"../../../Engine/Content/EngineMaterials/BaseFlattenGrayscaleMap_VT.ubulk" 147
"../../../Engine/Content/EngineMaterials/BaseFlattenGrayscaleMap_VT.uasset" 148
"../../../Engine/Content/EngineMaterials/BaseFlattenGrayscaleMap_VT.uexp" 149
"../../../Engine/Content/EngineMaterials/BaseFlattenLinearColor_VT.ubulk" 150
"../../../Engine/Content/EngineMaterials/BaseFlattenLinearColor_VT.uasset" 151
"../../../Engine/Content/EngineMaterials/BaseFlattenLinearColor_VT.uexp" 152
"../../../Engine/Content/EngineMaterials/BaseFlattenNormalMap_VT.ubulk" 153
"../../../Engine/Content/EngineMaterials/BaseFlattenNormalMap_VT.uasset" 154
"../../../Engine/Content/EngineMaterials/BaseFlattenNormalMap_VT.uexp" 155
"../../../Engine/Content/EngineMaterials/Black_1x1_EXR_Texture_VT.ubulk" 156
"../../../Engine/Content/EngineMaterials/Black_1x1_EXR_Texture_VT.uasset" 157
"../../../Engine/Content/EngineMaterials/Black_1x1_EXR_Texture_VT.uexp" 158
"../../../Engine/Content/EngineMaterials/FlattenMaterial_WS_Normal_VT.uasset" 159
"../../../Engine/Content/EngineMaterials/FlattenMaterial_WS_Normal_VT.uexp" 160
"../../../Engine/Content/EngineMaterials/FlattenMaterial_VT.uasset" 161
"../../../Engine/Content/EngineMaterials/FlattenMaterial_VT.uexp" 162
"../../../Engine/Content/EngineMaterials/BaseFlattenNormalMap.uasset" 163
"../../../Engine/Content/EngineMaterials/BaseFlattenNormalMap.uexp" 164
"../../../Engine/Content/EngineMaterials/BaseFlattenDiffuseMap.uasset" 165
"../../../Engine/Content/EngineMaterials/BaseFlattenDiffuseMap.uexp" 166
"../../../Engine/Content/EngineMaterials/BaseFlattenEmissiveMap.uasset" 167
"../../../Engine/Content/EngineMaterials/BaseFlattenEmissiveMap.uexp" 168
"../../../Engine/Content/EngineMaterials/BaseFlattenGrayscaleMap.uasset" 169
"../../../Engine/Content/EngineMaterials/BaseFlattenGrayscaleMap.uexp" 170
"../../../Engine/Content/EngineMaterials/BaseFlattenLinearColor.uasset" 171
"../../../Engine/Content/EngineMaterials/BaseFlattenLinearColor.uexp" 172
"../../../Engine/Content/Functions/Engine_MaterialFunctions02/PivotPainter2/Black_1x1_EXR_Texture.uasset" 173
"../../../Engine/Content/Functions/Engine_MaterialFunctions02/PivotPainter2/Black_1x1_EXR_Texture.uexp" 174
"../../../Engine/Content/EngineMaterials/FlattenMaterial.uasset" 175
"../../../Engine/Content/EngineMaterials/FlattenMaterial.uexp" 176
"../../../Engine/Content/EngineMaterials/FastBlueNoise_vec2_128x128x64.uasset" 177
"../../../Engine/Content/EngineMaterials/FastBlueNoise_vec2_128x128x64.uexp" 178
"../../../Engine/Content/EngineMaterials/FastBlueNoise_scalar_128x128x8.uasset" 179
"../../../Engine/Content/EngineMaterials/FastBlueNoise_scalar_128x128x8.uexp" 180
"../../../Engine/Content/EngineMaterials/FastBlueNoise_scalar_128x128x64.uasset" 181
"../../../Engine/Content/EngineMaterials/FastBlueNoise_scalar_128x128x64.uexp" 182
"../../../Engine/Content/EngineMaterials/DefaultWhiteGrid_Low.uasset" 183
"../../../Engine/Content/EngineMaterials/DefaultWhiteGrid_Low.uexp" 184
"../../../Engine/Content/EngineMaterials/EmissiveMeshMaterial.uasset" 185
"../../../Engine/Content/EngineMaterials/EmissiveMeshMaterial.uexp" 186
"../../../Engine/Content/EngineMaterials/DefaultWhiteGrid.ubulk" 187
"../../../Engine/Content/EngineMaterials/DefaultWhiteGrid.uasset" 188
"../../../Engine/Content/EngineMaterials/DefaultWhiteGrid.uexp" 189
"../../../Engine/Content/EngineFonts/RobotoDistanceField.uasset" 190
"../../../Engine/Content/EngineFonts/RobotoDistanceField.uexp" 191
"../../../Engine/Content/EngineMaterials/DefaultTextMaterialOpaque.uasset" 192
"../../../Engine/Content/EngineMaterials/DefaultTextMaterialOpaque.uexp" 193
"../../../Engine/Content/EngineMaterials/DefaultPostProcessMaterial.uasset" 194
"../../../Engine/Content/EngineMaterials/DefaultPostProcessMaterial.uexp" 195
"../../../Engine/Content/EngineMaterials/DefaultLightFunctionMaterial.uasset" 196
"../../../Engine/Content/EngineMaterials/DefaultLightFunctionMaterial.uexp" 197
"../../../Engine/Content/EngineMaterials/DefaultDeferredDecalMaterial.uasset" 198
"../../../Engine/Content/EngineMaterials/DefaultDeferredDecalMaterial.uexp" 199
"../../../Engine/Content/EngineMaterials/DefaultBokeh.uasset" 200
"../../../Engine/Content/EngineMaterials/DefaultBokeh.uexp" 201
"../../../Engine/Content/EngineMaterials/DefaultBloomKernel.uasset" 202
"../../../Engine/Content/EngineMaterials/DefaultBloomKernel.uexp" 203
"../../../Engine/Content/Functions/Engine_MaterialFunctions02/Utility/CameraDirectionVector.uasset" 204
"../../../Engine/Content/Functions/Engine_MaterialFunctions02/Utility/CameraDirectionVector.uexp" 205
"../../../Engine/Content/EngineDebugMaterials/VolumeToRender.uasset" 206
"../../../Engine/Content/EngineDebugMaterials/VolumeToRender.uexp" 207
"../../../Engine/Content/EngineDebugMaterials/M_VolumeRenderSphereTracePP.uasset" 208
"../../../Engine/Content/EngineDebugMaterials/M_VolumeRenderSphereTracePP.uexp" 209
"../../../Engine/Content/EngineDebugMaterials/M_SimpleUnlitTranslucent.uasset" 210
"../../../Engine/Content/EngineDebugMaterials/M_SimpleUnlitTranslucent.uexp" 211
"../../../Engine/Content/EngineDebugMaterials/DebugMeshMaterial.uasset" 212
"../../../Engine/Content/EngineDebugMaterials/DebugMeshMaterial.uexp" 213
"../../../Engine/Content/EngineDebugMaterials/DebugEditorMaterial.uasset" 214
"../../../Engine/Content/EngineDebugMaterials/DebugEditorMaterial.uexp" 215
"../../../Engine/Content/EngineDamageTypes/DmgTypeBP_Environmental.uasset" 216
"../../../Engine/Content/EngineDamageTypes/DmgTypeBP_Environmental.uexp" 217
"../../../Engine/Content/EditorResources/S_TriggerSphere.uasset" 218
"../../../Engine/Content/EditorResources/S_TriggerSphere.uexp" 219
"../../../Engine/Content/EditorResources/S_TriggerCapsule.uasset" 220
"../../../Engine/Content/EditorResources/S_TriggerCapsule.uexp" 221
"../../../Engine/Content/EditorResources/S_TriggerBox.uasset" 222
"../../../Engine/Content/EditorResources/S_TriggerBox.uexp" 223
"../../../Engine/Content/EditorResources/S_Trigger.ubulk" 224
"../../../Engine/Content/EditorResources/S_Trigger.uasset" 225
"../../../Engine/Content/EditorResources/S_Trigger.uexp" 226
"../../../Engine/Content/EditorResources/S_Terrain.ubulk" 227
"../../../Engine/Content/EditorResources/S_Terrain.uasset" 228
"../../../Engine/Content/EditorResources/S_Terrain.uexp" 229
"../../../Engine/Content/EditorResources/S_Solver.ubulk" 230
"../../../Engine/Content/EditorResources/S_Solver.uasset" 231
"../../../Engine/Content/EditorResources/S_Solver.uexp" 232
"../../../Engine/Content/EditorResources/S_BoxReflectionCapture.uasset" 233
"../../../Engine/Content/EditorResources/S_BoxReflectionCapture.uexp" 234
"../../../Engine/Content/EditorResources/BSPVertex.uasset" 235
"../../../Engine/Content/EditorResources/BSPVertex.uexp" 236
"../../../Engine/Content/EditorMaterials/PreviewShadowIndicator.ubulk" 237
"../../../Engine/Content/EditorMaterials/PreviewShadowIndicator.uasset" 238
"../../../Engine/Content/EditorMaterials/PreviewShadowIndicator.uexp" 239
"../../../Engine/Content/EditorMaterials/PreviewShadowIndicatorMaterial.uasset" 240
"../../../Engine/Content/EditorMaterials/PreviewShadowIndicatorMaterial.uexp" 241
"../../../Engine/Content/EditorMaterials/PhAT_UnselectedMaterial.uasset" 242
"../../../Engine/Content/EditorMaterials/PhAT_UnselectedMaterial.uexp" 243
"../../../Engine/Content/EditorMaterials/PhAT_NoCollisionMaterial.uasset" 244
"../../../Engine/Content/EditorMaterials/PhAT_NoCollisionMaterial.uexp" 245
"../../../Engine/Plugins/Runtime/AudioWidgets/Content/Resources/ScrubHandleDown_Clamped.uasset" 246
"../../../Engine/Plugins/Runtime/AudioWidgets/Content/Resources/ScrubHandleDown_Clamped.uexp" 247
"../../../Engine/Plugins/Interchange/Assets/Content/Functions/MX_UsdPreviewSurface.uasset" 248
"../../../Engine/Plugins/Interchange/Assets/Content/Functions/MX_UsdPreviewSurface.uexp" 249
"../../../Engine/Plugins/Interchange/Assets/Content/Functions/MX_UniformEDF.uasset" 250
"../../../Engine/Plugins/Interchange/Assets/Content/Functions/MX_UniformEDF.uexp" 251
"../../../Engine/Plugins/Interchange/Assets/Content/Functions/MX_TranslucentBSDF.uasset" 252
"../../../Engine/Plugins/Interchange/Assets/Content/Functions/MX_TranslucentBSDF.uexp" 253
"../../../Engine/Plugins/Interchange/Assets/Content/Functions/MX_ThinFilmBSDF.uasset" 254
"../../../Engine/Plugins/Interchange/Assets/Content/Functions/MX_ThinFilmBSDF.uexp" 255
"../../../Engine/Plugins/Interchange/Assets/Content/Functions/MX_SurfaceUnlit.uasset" 256
"../../../Engine/Plugins/Interchange/Assets/Content/Functions/MX_SurfaceUnlit.uexp" 257
"../../../Engine/Plugins/Interchange/Assets/Content/Functions/MX_Surface.uasset" 258
"../../../Engine/Plugins/Interchange/Assets/Content/Functions/MX_Surface.uexp" 259
"../../../Engine/Plugins/Interchange/Assets/Content/Functions/MX_SubsurfaceBSDF.uasset" 260
"../../../Engine/Plugins/Interchange/Assets/Content/Functions/MX_SubsurfaceBSDF.uexp" 261
"../../../Engine/Plugins/Interchange/Assets/Content/Functions/MX_SheenBSDF.uasset" 262
"../../../Engine/Plugins/Interchange/Assets/Content/Functions/MX_SheenBSDF.uexp" 263
"../../../Engine/Plugins/Interchange/Assets/Content/Functions/MX_OrenNayarBSDF.uasset" 264
"../../../Engine/Plugins/Interchange/Assets/Content/Functions/MX_OrenNayarBSDF.uexp" 265
"../../../Engine/Plugins/Interchange/Assets/Content/Functions/MF_IridescenceNoLUT.uasset" 266
"../../../Engine/Plugins/Interchange/Assets/Content/Functions/MF_IridescenceNoLUT.uexp" 267
"../../../Engine/Plugins/Interchange/Assets/Content/Functions/MX_StandardSurface.uasset" 268
"../../../Engine/Plugins/Interchange/Assets/Content/Functions/MX_StandardSurface.uexp" 269
"../../../Engine/Plugins/Interchange/Assets/Content/Functions/MX_TransmissionSurface.uasset" 270
"../../../Engine/Plugins/Interchange/Assets/Content/Functions/MX_TransmissionSurface.uexp" 271
"../../../Engine/Plugins/Interchange/Assets/Content/Functions/MX_OpenPBR_Translucent.uasset" 272
"../../../Engine/Plugins/Interchange/Assets/Content/Functions/MX_OpenPBR_Translucent.uexp" 273
"../../../Engine/Plugins/Interchange/Assets/Content/Functions/MX_OpenPBR_Opaque.uasset" 274
"../../../Engine/Plugins/Interchange/Assets/Content/Functions/MX_OpenPBR_Opaque.uexp" 275
"../../../Engine/Plugins/Interchange/Assets/Content/Functions/MX_MeasuredEDF.uasset" 276
"../../../Engine/Plugins/Interchange/Assets/Content/Functions/MX_MeasuredEDF.uexp" 277
"../../../Engine/Plugins/Interchange/Assets/Content/Functions/MX_GeneralizedSchlickBSDF.uasset" 278
"../../../Engine/Plugins/Interchange/Assets/Content/Functions/MX_GeneralizedSchlickBSDF.uexp" 279
"../../../Engine/Plugins/Interchange/Assets/Content/Functions/MX_Displacement.uasset" 280
"../../../Engine/Plugins/Interchange/Assets/Content/Functions/MX_Displacement.uexp" 281
"../../../Engine/Plugins/Interchange/Assets/Content/Functions/MX_DielectricBSDF.uasset" 282
"../../../Engine/Plugins/Interchange/Assets/Content/Functions/MX_DielectricBSDF.uexp" 283
"../../../Engine/Plugins/Interchange/Assets/Content/Functions/MX_ConicalEDF.uasset" 284
"../../../Engine/Plugins/Interchange/Assets/Content/Functions/MX_ConicalEDF.uexp" 285
"../../../Engine/Plugins/Interchange/Assets/Content/Functions/MX_ConductorBSDF.uasset" 286
"../../../Engine/Plugins/Interchange/Assets/Content/Functions/MX_ConductorBSDF.uexp" 287
"../../../Engine/Plugins/Interchange/Assets/Content/Functions/MX_BurleyDiffuseBSDF.uasset" 288
"../../../Engine/Plugins/Interchange/Assets/Content/Functions/MX_BurleyDiffuseBSDF.uexp" 289
"../../../Engine/Plugins/Interchange/Assets/Content/Functions/MX_AnisotropicVDF.uasset" 290
"../../../Engine/Plugins/Interchange/Assets/Content/Functions/MX_AnisotropicVDF.uexp" 291
"../../../Engine/Plugins/Interchange/Assets/Content/Functions/MX_AbsorptionVDF.uasset" 292
"../../../Engine/Plugins/Interchange/Assets/Content/Functions/MX_AbsorptionVDF.uexp" 293
"../../../Engine/Content/Functions/Engine_MaterialFunctions02/Utility/BreakOutFloat3Components.uasset" 294
"../../../Engine/Content/Functions/Engine_MaterialFunctions02/Utility/BreakOutFloat3Components.uexp" 295
"../../../Engine/Content/Functions/Engine_MaterialFunctions02/Utility/VectorLength.uasset" 296
"../../../Engine/Content/Functions/Engine_MaterialFunctions02/Utility/VectorLength.uexp" 297
"../../../Engine/Content/Functions/Engine_MaterialFunctions02/WorldPositionOffset/ObjectScale.uasset" 298
"../../../Engine/Content/Functions/Engine_MaterialFunctions02/WorldPositionOffset/ObjectScale.uexp" 299
"../../../Engine/Content/Functions/Engine_MaterialFunctions02/SafeNormalize.uasset" 300
"../../../Engine/Content/Functions/Engine_MaterialFunctions02/SafeNormalize.uexp" 301
"../../../Engine/Plugins/Editor/SpeedTreeImporter/Content/SpeedTree9/UnpackInteger3.uasset" 302
"../../../Engine/Plugins/Editor/SpeedTreeImporter/Content/SpeedTree9/UnpackInteger3.uexp" 303
"../../../Engine/Plugins/Editor/SpeedTreeImporter/Content/SpeedTree9/UnpackDirection.uasset" 304
"../../../Engine/Plugins/Editor/SpeedTreeImporter/Content/SpeedTree9/UnpackDirection.uexp" 305
"../../../Engine/Plugins/Editor/SpeedTreeImporter/Content/SpeedTree9/game_wind_noise.ubulk" 306
"../../../Engine/Plugins/Editor/SpeedTreeImporter/Content/SpeedTree9/game_wind_noise.uasset" 307
"../../../Engine/Plugins/Editor/SpeedTreeImporter/Content/SpeedTree9/game_wind_noise.uexp" 308
"../../../Engine/Plugins/Editor/SpeedTreeImporter/Content/SpeedTree9/SpeedTreeWindMotion.uasset" 309
"../../../Engine/Plugins/Editor/SpeedTreeImporter/Content/SpeedTree9/SpeedTreeWindMotion.uexp" 310
"../../../Engine/Plugins/Editor/SpeedTreeImporter/Content/SpeedTree9/SpeedTreeBranchMotion.uasset" 311
"../../../Engine/Plugins/Editor/SpeedTreeImporter/Content/SpeedTree9/SpeedTreeBranchMotion.uexp" 312
"../../../Engine/Content/Functions/Engine_MaterialFunctions02/ObjectLocalBounds.uasset" 313
"../../../Engine/Content/Functions/Engine_MaterialFunctions02/ObjectLocalBounds.uexp" 314
"../../../Engine/Content/Functions/Engine_MaterialFunctions02/UVs/BoundingBoxBased_0-1_UVW.uasset" 315
"../../../Engine/Content/Functions/Engine_MaterialFunctions02/UVs/BoundingBoxBased_0-1_UVW.uexp" 316
"../../../Engine/Plugins/Editor/SpeedTreeImporter/Content/SpeedTree9/SpeedTreeWind.uasset" 317
"../../../Engine/Plugins/Editor/SpeedTreeImporter/Content/SpeedTree9/SpeedTreeWind.uexp" 318
"../../../Engine/Plugins/Editor/SpeedTreeImporter/Content/SpeedTree9/SpeedTreeCameraFacing.uasset" 319
"../../../Engine/Plugins/Editor/SpeedTreeImporter/Content/SpeedTree9/SpeedTreeCameraFacing.uexp" 320
"../../../Engine/Plugins/Editor/SpeedTreeImporter/Content/SpeedTree9/EmptyNormal.uasset" 321
"../../../Engine/Plugins/Editor/SpeedTreeImporter/Content/SpeedTree9/EmptyNormal.uexp" 322
"../../../Engine/Plugins/Editor/SpeedTreeImporter/Content/SpeedTree9/Empty.uasset" 323
"../../../Engine/Plugins/Editor/SpeedTreeImporter/Content/SpeedTree9/Empty.uexp" 324
"../../../Engine/Plugins/Editor/SpeedTreeImporter/Content/SpeedTree9/SpeedTreeMaster.uasset" 325
"../../../Engine/Plugins/Editor/SpeedTreeImporter/Content/SpeedTree9/SpeedTreeMaster.uexp" 326
"../../../Engine/Plugins/Editor/SpeedTreeImporter/Content/SpeedTree9/SpeedTreeBillboard.uasset" 327
"../../../Engine/Plugins/Editor/SpeedTreeImporter/Content/SpeedTree9/SpeedTreeBillboard.uexp" 328
"../../../Engine/Plugins/Editor/SpeedTreeImporter/Content/SpeedTree9/SpeedTreeBillboardMaster.uasset" 329
"../../../Engine/Plugins/Editor/SpeedTreeImporter/Content/SpeedTree9/SpeedTreeBillboardMaster.uexp" 330
"../../../Engine/Plugins/Animation/ControlRig/Content/Controls/ControlRigXRayMaterial.uasset" 331
"../../../Engine/Plugins/Animation/ControlRig/Content/Controls/ControlRigXRayMaterial.uexp" 332
"../../../Engine/Plugins/Animation/ControlRig/Content/Controls/ControlRigGizmoMaterial.uasset" 333
"../../../Engine/Plugins/Animation/ControlRig/Content/Controls/ControlRigGizmoMaterial.uexp" 334
"../../../Engine/Content/EngineResources/DefaultTexture.ubulk" 335
"../../../Engine/Content/EngineResources/DefaultTexture.uasset" 336
"../../../Engine/Content/EngineResources/DefaultTexture.uexp" 337
"../../../Engine/Plugins/VirtualProduction/CameraCalibrationCore/Content/Materials/M_DefaultOddSquare.uasset" 338
"../../../Engine/Plugins/VirtualProduction/CameraCalibrationCore/Content/Materials/M_DefaultOddSquare.uexp" 339
"../../../Engine/Plugins/VirtualProduction/CameraCalibrationCore/Content/Materials/M_DefaultEvenSquare.uasset" 340
"../../../Engine/Plugins/VirtualProduction/CameraCalibrationCore/Content/Materials/M_DefaultEvenSquare.uexp" 341
"../../../Engine/Plugins/Runtime/HairStrands/Content/Materials/HairMeshesDefaultMaterial.uasset" 342
"../../../Engine/Plugins/Runtime/HairStrands/Content/Materials/HairMeshesDefaultMaterial.uexp" 343
"../../../Engine/Plugins/Runtime/HairStrands/Content/Materials/HairDefaultMaterial.uasset" 344
"../../../Engine/Plugins/Runtime/HairStrands/Content/Materials/HairDefaultMaterial.uexp" 345
"../../../Engine/Content/Functions/Engine_MaterialFunctions02/Utility/MakeFloat2.uasset" 346
"../../../Engine/Content/Functions/Engine_MaterialFunctions02/Utility/MakeFloat2.uexp" 347
"../../../Engine/Content/Functions/Engine_MaterialFunctions02/Utility/MakeFloat3.uasset" 348
"../../../Engine/Content/Functions/Engine_MaterialFunctions02/Utility/MakeFloat3.uexp" 349
"../../../Engine/Content/EngineMaterials/HairDebugColor.uasset" 350
"../../../Engine/Content/EngineMaterials/HairDebugColor.uexp" 351
"../../../Engine/Content/EngineMaterials/HairColorMap.uasset" 352
"../../../Engine/Content/EngineMaterials/HairColorMap.uexp" 353
"../../../Engine/Plugins/Runtime/HairStrands/Content/Materials/HairGroupColors.uasset" 354
"../../../Engine/Plugins/Runtime/HairStrands/Content/Materials/HairGroupColors.uexp" 355
"../../../Engine/Plugins/Runtime/HairStrands/Content/Materials/HairDebugMaterial.uasset" 356
"../../../Engine/Plugins/Runtime/HairStrands/Content/Materials/HairDebugMaterial.uexp" 357
"../../../Engine/Plugins/Runtime/HairStrands/Content/Materials/HairCardsDefaultMaterial.uasset" 358
"../../../Engine/Plugins/Runtime/HairStrands/Content/Materials/HairCardsDefaultMaterial.uexp" 359
"../../../Engine/Content/EditorMaterials/ParticleSystems/PSysThumbnail_OOD.ubulk" 360
"../../../Engine/Content/EditorMaterials/ParticleSystems/PSysThumbnail_OOD.uasset" 361
"../../../Engine/Content/EditorMaterials/ParticleSystems/PSysThumbnail_OOD.uexp" 362
"../../../Engine/Content/EditorMaterials/ParticleSystems/PSysThumbnail_NoImage.ubulk" 363
"../../../Engine/Content/EditorMaterials/ParticleSystems/PSysThumbnail_NoImage.uasset" 364
"../../../Engine/Content/EditorMaterials/ParticleSystems/PSysThumbnail_NoImage.uexp" 365
"../../../Engine/Content/EditorMaterials/Dataflow/DataflowVertexMaterial.uasset" 366
"../../../Engine/Content/EditorMaterials/Dataflow/DataflowVertexMaterial.uexp" 367
"../../../Engine/Content/EditorMaterials/Dataflow/DataflowTwoSidedVertexMaterial.uasset" 368
"../../../Engine/Content/EditorMaterials/Dataflow/DataflowTwoSidedVertexMaterial.uexp" 369
"../../../Engine/Content/EngineResources/FilmGrains/Marcie_Grain_v3_128_M2_000.uasset" 370
"../../../Engine/Content/EngineResources/FilmGrains/Marcie_Grain_v3_128_M2_000.uexp" 371
"../../../Engine/Content/EngineResources/Development/ZenLogo_64.uasset" 372
"../../../Engine/Content/EngineResources/Development/ZenLogo_64.uexp" 373
"../../../Engine/Content/EngineMaterials/LTC/Sheen_LTC.uasset" 374
"../../../Engine/Content/EngineMaterials/LTC/Sheen_LTC.uexp" 375
"../../../Engine/Content/EngineMaterials/LTC/GGX_LTCMat.uasset" 376
"../../../Engine/Content/EngineMaterials/LTC/GGX_LTCMat.uexp" 377
"../../../Engine/Content/EngineMaterials/LTC/GGX_LTCAmp.uasset" 378
"../../../Engine/Content/EngineMaterials/LTC/GGX_LTCAmp.uexp" 379
"../../../Engine/Content/EngineMaterials/EnergyConservation/Sheen_Energy.uasset" 380
"../../../Engine/Content/EngineMaterials/EnergyConservation/Sheen_Energy.uexp" 381
"../../../Engine/Content/EngineMaterials/EnergyConservation/SheenLegacy_Energy.uasset" 382
"../../../Engine/Content/EngineMaterials/EnergyConservation/SheenLegacy_Energy.uexp" 383
"../../../Engine/Content/EngineMaterials/EnergyConservation/GGX_TransmissionEnergyArray.uasset" 384
"../../../Engine/Content/EngineMaterials/EnergyConservation/GGX_TransmissionEnergyArray.uexp" 385
"../../../Engine/Content/EngineMaterials/EnergyConservation/GGX_ReflectionEnergy.uasset" 386
"../../../Engine/Content/EngineMaterials/EnergyConservation/GGX_ReflectionEnergy.uexp" 387
"../../../Engine/Content/EngineMaterials/EnergyConservation/Diffuse_Energy.uasset" 388
"../../../Engine/Content/EngineMaterials/EnergyConservation/Diffuse_Energy.uexp" 389
"../../../Engine/Content/EditorResources/SequenceRecorder/RecordingIndicator.uasset" 390
"../../../Engine/Content/EditorResources/SequenceRecorder/RecordingIndicator.uexp" 391
"../../../Engine/Content/EditorResources/SequenceRecorder/Countdown.uasset" 392
"../../../Engine/Content/EditorResources/SequenceRecorder/Countdown.uexp" 393
"../../../Engine/Content/Functions/Engine_MaterialFunctions01/Shading/PowerToRoughness.uasset" 394
"../../../Engine/Content/Functions/Engine_MaterialFunctions01/Shading/PowerToRoughness.uexp" 395
"../../../Engine/Content/Functions/Engine_MaterialFunctions01/Shading/ConvertFromDiffSpec.uasset" 396
"../../../Engine/Content/Functions/Engine_MaterialFunctions01/Shading/ConvertFromDiffSpec.uexp" 397
"../../../Engine/Content/EngineMeshes/Sphere.ubulk" 398
"../../../Engine/Content/EngineMeshes/Sphere.uasset" 399
"../../../Engine/Content/EngineMeshes/Sphere.uexp" 400
"../../../Engine/Content/EngineMaterials/Substrate/Glints2/AGlintTex2dArray2.uasset" 401
"../../../Engine/Content/EngineMaterials/Substrate/Glints2/AGlintTex2dArray2.uexp" 402
"../../../Engine/Content/EngineMaterials/Substrate/GLints/AGlintTex2dArray.uasset" 403
"../../../Engine/Content/EngineMaterials/Substrate/GLints/AGlintTex2dArray.uexp" 404
"../../../Engine/Content/EngineMaterials/T_Default_Material_Grid_M.ubulk" 405
"../../../Engine/Content/EngineMaterials/T_Default_Material_Grid_M.uasset" 406
"../../../Engine/Content/EngineMaterials/T_Default_Material_Grid_M.uexp" 407
"../../../Engine/Content/Functions/Engine_MaterialFunctions01/Opacity/CameraDepthFade.uasset" 408
"../../../Engine/Content/Functions/Engine_MaterialFunctions01/Opacity/CameraDepthFade.uexp" 409
"../../../Engine/Content/EngineMaterials/T_Default_Material_Grid_N.ubulk" 410
"../../../Engine/Content/EngineMaterials/T_Default_Material_Grid_N.uasset" 411
"../../../Engine/Content/EngineMaterials/T_Default_Material_Grid_N.uexp" 412
"../../../Engine/Content/EngineMaterials/WorldGridMaterial.uasset" 413
"../../../Engine/Content/EngineMaterials/WorldGridMaterial.uexp" 414
"../../../Engine/Content/ArtTools/RenderToTexture/Meshes/S_1_Unit_Plane.ubulk" 415
"../../../Engine/Content/ArtTools/RenderToTexture/Meshes/S_1_Unit_Plane.uasset" 416
"../../../Engine/Content/ArtTools/RenderToTexture/Meshes/S_1_Unit_Plane.uexp" 417
"../../../Engine/Content/VREditor/LaserPointer/VR_LaserPower_01.ubulk" 418
"../../../Engine/Content/VREditor/LaserPointer/VR_LaserPower_01.uasset" 419
"../../../Engine/Content/VREditor/LaserPointer/VR_LaserPower_01.uexp" 420
"../../../Engine/Content/VREditor/TransformGizmo/TransformGizmoMaterial.uasset" 421
"../../../Engine/Content/VREditor/TransformGizmo/TransformGizmoMaterial.uexp" 422
"../../../Engine/Content/VREditor/TransformGizmo/TranslucentTransformGizmoMaterial.uasset" 423
"../../../Engine/Content/VREditor/TransformGizmo/TranslucentTransformGizmoMaterial.uexp" 424
"../../../Engine/Content/VREditor/TransformGizmo/BoundingBoxCorner.ubulk" 425
"../../../Engine/Content/VREditor/TransformGizmo/BoundingBoxCorner.uasset" 426
"../../../Engine/Content/VREditor/TransformGizmo/BoundingBoxCorner.uexp" 427
"../../../Engine/Content/VREditor/TransformGizmo/BoundingBoxEdge.ubulk" 428
"../../../Engine/Content/VREditor/TransformGizmo/BoundingBoxEdge.uasset" 429
"../../../Engine/Content/VREditor/TransformGizmo/BoundingBoxEdge.uexp" 430
"../../../Engine/Content/VREditor/TransformGizmo/Xray.uasset" 431
"../../../Engine/Content/VREditor/TransformGizmo/Xray.uexp" 432
"../../../Engine/Content/VREditor/TransformGizmo/Main.uasset" 433
"../../../Engine/Content/VREditor/TransformGizmo/Main.uexp" 434
"../../../Engine/Content/VREditor/TransformGizmo/SM_Sequencer_Node.ubulk" 435
"../../../Engine/Content/VREditor/TransformGizmo/SM_Sequencer_Node.uasset" 436
"../../../Engine/Content/VREditor/TransformGizmo/SM_Sequencer_Node.uexp" 437
"../../../Engine/Content/EditorMaterials/Camera/CineMat.uasset" 438
"../../../Engine/Content/EditorMaterials/Camera/CineMat.uexp" 439
"../../../Engine/Content/EditorMaterials/Camera/MI_CineMat_Rig.uasset" 440
"../../../Engine/Content/EditorMaterials/Camera/MI_CineMat_Rig.uexp" 441
"../../../Engine/Content/EditorMeshes/Camera/SM_CraneRig_Arm.ubulk" 442
"../../../Engine/Content/EditorMeshes/Camera/SM_CraneRig_Arm.uasset" 443
"../../../Engine/Content/EditorMeshes/Camera/SM_CraneRig_Arm.uexp" 444
"../../../Engine/Content/EditorMeshes/Camera/SM_CraneRig_Base.ubulk" 445
"../../../Engine/Content/EditorMeshes/Camera/SM_CraneRig_Base.uasset" 446
"../../../Engine/Content/EditorMeshes/Camera/SM_CraneRig_Base.uexp" 447
"../../../Engine/Content/EditorMeshes/Camera/SM_CraneRig_Body.ubulk" 448
"../../../Engine/Content/EditorMeshes/Camera/SM_CraneRig_Body.uasset" 449
"../../../Engine/Content/EditorMeshes/Camera/SM_CraneRig_Body.uexp" 450
"../../../Engine/Content/EditorMeshes/Camera/SM_CraneRig_Mount.ubulk" 451
"../../../Engine/Content/EditorMeshes/Camera/SM_CraneRig_Mount.uasset" 452
"../../../Engine/Content/EditorMeshes/Camera/SM_CraneRig_Mount.uexp" 453
"../../../Engine/Content/EditorMeshes/Camera/SM_RailRig_Mount.ubulk" 454
"../../../Engine/Content/EditorMeshes/Camera/SM_RailRig_Mount.uasset" 455
"../../../Engine/Content/EditorMeshes/Camera/SM_RailRig_Mount.uexp" 456
"../../../Engine/Content/EditorMeshes/Camera/SM_RailRig_Track.ubulk" 457
"../../../Engine/Content/EditorMeshes/Camera/SM_RailRig_Track.uasset" 458
"../../../Engine/Content/EditorMeshes/Camera/SM_RailRig_Track.uexp" 459
"../../../Engine/Plugins/Animation/ControlRig/Content/Controls/ControlRig_Arrow2_1mm.ubulk" 460
"../../../Engine/Plugins/Animation/ControlRig/Content/Controls/ControlRig_Arrow2_1mm.uasset" 461
"../../../Engine/Plugins/Animation/ControlRig/Content/Controls/ControlRig_Arrow2_1mm.uexp" 462
"../../../Engine/Plugins/Animation/ControlRig/Content/Controls/ControlRig_Arrow2_3mm.ubulk" 463
"../../../Engine/Plugins/Animation/ControlRig/Content/Controls/ControlRig_Arrow2_3mm.uasset" 464
"../../../Engine/Plugins/Animation/ControlRig/Content/Controls/ControlRig_Arrow2_3mm.uexp" 465
"../../../Engine/Plugins/Animation/ControlRig/Content/Controls/ControlRig_Arrow2_solid.ubulk" 466
"../../../Engine/Plugins/Animation/ControlRig/Content/Controls/ControlRig_Arrow2_solid.uasset" 467
"../../../Engine/Plugins/Animation/ControlRig/Content/Controls/ControlRig_Arrow2_solid.uexp" 468
"../../../Engine/Plugins/Animation/ControlRig/Content/Controls/ControlRig_Arrow4_1mm.ubulk" 469
"../../../Engine/Plugins/Animation/ControlRig/Content/Controls/ControlRig_Arrow4_1mm.uasset" 470
"../../../Engine/Plugins/Animation/ControlRig/Content/Controls/ControlRig_Arrow4_1mm.uexp" 471
"../../../Engine/Plugins/Animation/ControlRig/Content/Controls/ControlRig_Arrow4_3mm.ubulk" 472
"../../../Engine/Plugins/Animation/ControlRig/Content/Controls/ControlRig_Arrow4_3mm.uasset" 473
"../../../Engine/Plugins/Animation/ControlRig/Content/Controls/ControlRig_Arrow4_3mm.uexp" 474
"../../../Engine/Plugins/Animation/ControlRig/Content/Controls/ControlRig_Arrow4_solid.ubulk" 475
"../../../Engine/Plugins/Animation/ControlRig/Content/Controls/ControlRig_Arrow4_solid.uasset" 476
"../../../Engine/Plugins/Animation/ControlRig/Content/Controls/ControlRig_Arrow4_solid.uexp" 477
"../../../Engine/Plugins/Animation/ControlRig/Content/Controls/ControlRig_Arrow_1mm.ubulk" 478
"../../../Engine/Plugins/Animation/ControlRig/Content/Controls/ControlRig_Arrow_1mm.uasset" 479
"../../../Engine/Plugins/Animation/ControlRig/Content/Controls/ControlRig_Arrow_1mm.uexp" 480
"../../../Engine/Plugins/Animation/ControlRig/Content/Controls/ControlRig_Arrow_3mm.ubulk" 481
"../../../Engine/Plugins/Animation/ControlRig/Content/Controls/ControlRig_Arrow_3mm.uasset" 482
"../../../Engine/Plugins/Animation/ControlRig/Content/Controls/ControlRig_Arrow_3mm.uexp" 483
"../../../Engine/Plugins/Animation/ControlRig/Content/Controls/ControlRig_Arrow_solid.ubulk" 484
"../../../Engine/Plugins/Animation/ControlRig/Content/Controls/ControlRig_Arrow_solid.uasset" 485
"../../../Engine/Plugins/Animation/ControlRig/Content/Controls/ControlRig_Arrow_solid.uexp" 486
"../../../Engine/Plugins/Animation/ControlRig/Content/Controls/ControlRig_Box_1mm.ubulk" 487
"../../../Engine/Plugins/Animation/ControlRig/Content/Controls/ControlRig_Box_1mm.uasset" 488
"../../../Engine/Plugins/Animation/ControlRig/Content/Controls/ControlRig_Box_1mm.uexp" 489
"../../../Engine/Plugins/Animation/ControlRig/Content/Controls/ControlRig_Box_3mm.ubulk" 490
"../../../Engine/Plugins/Animation/ControlRig/Content/Controls/ControlRig_Box_3mm.uasset" 491
"../../../Engine/Plugins/Animation/ControlRig/Content/Controls/ControlRig_Box_3mm.uexp" 492
"../../../Engine/Plugins/Animation/ControlRig/Content/Controls/ControlRig_Box_solid.ubulk" 493
"../../../Engine/Plugins/Animation/ControlRig/Content/Controls/ControlRig_Box_solid.uasset" 494
"../../../Engine/Plugins/Animation/ControlRig/Content/Controls/ControlRig_Box_solid.uexp" 495
"../../../Engine/Plugins/Animation/ControlRig/Content/Controls/ControlRig_Circle_1mm.ubulk" 496
"../../../Engine/Plugins/Animation/ControlRig/Content/Controls/ControlRig_Circle_1mm.uasset" 497
"../../../Engine/Plugins/Animation/ControlRig/Content/Controls/ControlRig_Circle_1mm.uexp" 498
"../../../Engine/Plugins/Animation/ControlRig/Content/Controls/ControlRig_Circle_3mm.ubulk" 499
"../../../Engine/Plugins/Animation/ControlRig/Content/Controls/ControlRig_Circle_3mm.uasset" 500
"../../../Engine/Plugins/Animation/ControlRig/Content/Controls/ControlRig_Circle_3mm.uexp" 501
"../../../Engine/Plugins/Animation/ControlRig/Content/Controls/ControlRig_Circle_solid.ubulk" 502
"../../../Engine/Plugins/Animation/ControlRig/Content/Controls/ControlRig_Circle_solid.uasset" 503
"../../../Engine/Plugins/Animation/ControlRig/Content/Controls/ControlRig_Circle_solid.uexp" 504
"../../../Engine/Plugins/Animation/ControlRig/Content/Controls/ControlRig_Diamond_1mm.ubulk" 505
"../../../Engine/Plugins/Animation/ControlRig/Content/Controls/ControlRig_Diamond_1mm.uasset" 506
"../../../Engine/Plugins/Animation/ControlRig/Content/Controls/ControlRig_Diamond_1mm.uexp" 507
"../../../Engine/Plugins/Animation/ControlRig/Content/Controls/ControlRig_Diamond_3mm.ubulk" 508
"../../../Engine/Plugins/Animation/ControlRig/Content/Controls/ControlRig_Diamond_3mm.uasset" 509
"../../../Engine/Plugins/Animation/ControlRig/Content/Controls/ControlRig_Diamond_3mm.uexp" 510
"../../../Engine/Plugins/Animation/ControlRig/Content/Controls/ControlRig_Diamond_solid.ubulk" 511
"../../../Engine/Plugins/Animation/ControlRig/Content/Controls/ControlRig_Diamond_solid.uasset" 512
"../../../Engine/Plugins/Animation/ControlRig/Content/Controls/ControlRig_Diamond_solid.uexp" 513
"../../../Engine/Plugins/Animation/ControlRig/Content/Controls/ControlRig_HalfCircle_1mm.ubulk" 514
"../../../Engine/Plugins/Animation/ControlRig/Content/Controls/ControlRig_HalfCircle_1mm.uasset" 515
"../../../Engine/Plugins/Animation/ControlRig/Content/Controls/ControlRig_HalfCircle_1mm.uexp" 516
"../../../Engine/Plugins/Animation/ControlRig/Content/Controls/ControlRig_HalfCircle_3mm.ubulk" 517
"../../../Engine/Plugins/Animation/ControlRig/Content/Controls/ControlRig_HalfCircle_3mm.uasset" 518
"../../../Engine/Plugins/Animation/ControlRig/Content/Controls/ControlRig_HalfCircle_3mm.uexp" 519
"../../../Engine/Plugins/Animation/ControlRig/Content/Controls/ControlRig_HalfCircle_solid.ubulk" 520
"../../../Engine/Plugins/Animation/ControlRig/Content/Controls/ControlRig_HalfCircle_solid.uasset" 521
"../../../Engine/Plugins/Animation/ControlRig/Content/Controls/ControlRig_HalfCircle_solid.uexp" 522
"../../../Engine/Plugins/Animation/ControlRig/Content/Controls/ControlRig_Hexagon_1mm.ubulk" 523
"../../../Engine/Plugins/Animation/ControlRig/Content/Controls/ControlRig_Hexagon_1mm.uasset" 524
"../../../Engine/Plugins/Animation/ControlRig/Content/Controls/ControlRig_Hexagon_1mm.uexp" 525
"../../../Engine/Plugins/Animation/ControlRig/Content/Controls/ControlRig_Hexagon_3mm.ubulk" 526
"../../../Engine/Plugins/Animation/ControlRig/Content/Controls/ControlRig_Hexagon_3mm.uasset" 527
"../../../Engine/Plugins/Animation/ControlRig/Content/Controls/ControlRig_Hexagon_3mm.uexp" 528
"../../../Engine/Plugins/Animation/ControlRig/Content/Controls/ControlRig_Hexagon_solid.ubulk" 529
"../../../Engine/Plugins/Animation/ControlRig/Content/Controls/ControlRig_Hexagon_solid.uasset" 530
"../../../Engine/Plugins/Animation/ControlRig/Content/Controls/ControlRig_Hexagon_solid.uexp" 531
"../../../Engine/Plugins/Animation/ControlRig/Content/Controls/ControlRig_Octagon_1mm.ubulk" 532
"../../../Engine/Plugins/Animation/ControlRig/Content/Controls/ControlRig_Octagon_1mm.uasset" 533
"../../../Engine/Plugins/Animation/ControlRig/Content/Controls/ControlRig_Octagon_1mm.uexp" 534
"../../../Engine/Plugins/Animation/ControlRig/Content/Controls/ControlRig_Octagon_3mm.ubulk" 535
"../../../Engine/Plugins/Animation/ControlRig/Content/Controls/ControlRig_Octagon_3mm.uasset" 536
"../../../Engine/Plugins/Animation/ControlRig/Content/Controls/ControlRig_Octagon_3mm.uexp" 537
"../../../Engine/Plugins/Animation/ControlRig/Content/Controls/ControlRig_Octagon_solid.ubulk" 538
"../../../Engine/Plugins/Animation/ControlRig/Content/Controls/ControlRig_Octagon_solid.uasset" 539
"../../../Engine/Plugins/Animation/ControlRig/Content/Controls/ControlRig_Octagon_solid.uexp" 540
"../../../Engine/Plugins/Animation/ControlRig/Content/Controls/ControlRig_Pyramid_1mm.ubulk" 541
"../../../Engine/Plugins/Animation/ControlRig/Content/Controls/ControlRig_Pyramid_1mm.uasset" 542
"../../../Engine/Plugins/Animation/ControlRig/Content/Controls/ControlRig_Pyramid_1mm.uexp" 543
"../../../Engine/Plugins/Animation/ControlRig/Content/Controls/ControlRig_Pyramid_3mm.ubulk" 544
"../../../Engine/Plugins/Animation/ControlRig/Content/Controls/ControlRig_Pyramid_3mm.uasset" 545
"../../../Engine/Plugins/Animation/ControlRig/Content/Controls/ControlRig_Pyramid_3mm.uexp" 546
"../../../Engine/Plugins/Animation/ControlRig/Content/Controls/ControlRig_Pyramid_solid.ubulk" 547
"../../../Engine/Plugins/Animation/ControlRig/Content/Controls/ControlRig_Pyramid_solid.uasset" 548
"../../../Engine/Plugins/Animation/ControlRig/Content/Controls/ControlRig_Pyramid_solid.uexp" 549
"../../../Engine/Plugins/Animation/ControlRig/Content/Controls/ControlRig_QuarterCircle_1mm.ubulk" 550
"../../../Engine/Plugins/Animation/ControlRig/Content/Controls/ControlRig_QuarterCircle_1mm.uasset" 551
"../../../Engine/Plugins/Animation/ControlRig/Content/Controls/ControlRig_QuarterCircle_1mm.uexp" 552
"../../../Engine/Plugins/Animation/ControlRig/Content/Controls/ControlRig_QuarterCircle_3mm.ubulk" 553
"../../../Engine/Plugins/Animation/ControlRig/Content/Controls/ControlRig_QuarterCircle_3mm.uasset" 554
"../../../Engine/Plugins/Animation/ControlRig/Content/Controls/ControlRig_QuarterCircle_3mm.uexp" 555
"../../../Engine/Plugins/Animation/ControlRig/Content/Controls/ControlRig_QuarterCircle_solid.ubulk" 556
"../../../Engine/Plugins/Animation/ControlRig/Content/Controls/ControlRig_QuarterCircle_solid.uasset" 557
"../../../Engine/Plugins/Animation/ControlRig/Content/Controls/ControlRig_QuarterCircle_solid.uexp" 558
"../../../Engine/Plugins/Animation/ControlRig/Content/Controls/ControlRig_RoundedSquare_1mm.ubulk" 559
"../../../Engine/Plugins/Animation/ControlRig/Content/Controls/ControlRig_RoundedSquare_1mm.uasset" 560
"../../../Engine/Plugins/Animation/ControlRig/Content/Controls/ControlRig_RoundedSquare_1mm.uexp" 561
"../../../Engine/Plugins/Animation/ControlRig/Content/Controls/ControlRig_RoundedSquare_3mm.ubulk" 562
"../../../Engine/Plugins/Animation/ControlRig/Content/Controls/ControlRig_RoundedSquare_3mm.uasset" 563
"../../../Engine/Plugins/Animation/ControlRig/Content/Controls/ControlRig_RoundedSquare_3mm.uexp" 564
"../../../Engine/Plugins/Animation/ControlRig/Content/Controls/ControlRig_RoundedSquare_solid.ubulk" 565
"../../../Engine/Plugins/Animation/ControlRig/Content/Controls/ControlRig_RoundedSquare_solid.uasset" 566
"../../../Engine/Plugins/Animation/ControlRig/Content/Controls/ControlRig_RoundedSquare_solid.uexp" 567
"../../../Engine/Plugins/Animation/ControlRig/Content/Controls/ControlRig_RoundedTriangle_1mm.ubulk" 568
"../../../Engine/Plugins/Animation/ControlRig/Content/Controls/ControlRig_RoundedTriangle_1mm.uasset" 569
"../../../Engine/Plugins/Animation/ControlRig/Content/Controls/ControlRig_RoundedTriangle_1mm.uexp" 570
"../../../Engine/Plugins/Animation/ControlRig/Content/Controls/ControlRig_RoundedTriangle_3mm.ubulk" 571
"../../../Engine/Plugins/Animation/ControlRig/Content/Controls/ControlRig_RoundedTriangle_3mm.uasset" 572
"../../../Engine/Plugins/Animation/ControlRig/Content/Controls/ControlRig_RoundedTriangle_3mm.uexp" 573
"../../../Engine/Plugins/Animation/ControlRig/Content/Controls/ControlRig_RoundedTriangle_solid.ubulk" 574
"../../../Engine/Plugins/Animation/ControlRig/Content/Controls/ControlRig_RoundedTriangle_solid.uasset" 575
"../../../Engine/Plugins/Animation/ControlRig/Content/Controls/ControlRig_RoundedTriangle_solid.uexp" 576
"../../../Engine/Plugins/Animation/ControlRig/Content/Controls/ControlRig_Sphere_1mm.ubulk" 577
"../../../Engine/Plugins/Animation/ControlRig/Content/Controls/ControlRig_Sphere_1mm.uasset" 578
"../../../Engine/Plugins/Animation/ControlRig/Content/Controls/ControlRig_Sphere_1mm.uexp" 579
"../../../Engine/Plugins/Animation/ControlRig/Content/Controls/ControlRig_Sphere_3mm.ubulk" 580
"../../../Engine/Plugins/Animation/ControlRig/Content/Controls/ControlRig_Sphere_3mm.uasset" 581
"../../../Engine/Plugins/Animation/ControlRig/Content/Controls/ControlRig_Sphere_3mm.uexp" 582
"../../../Engine/Plugins/Animation/ControlRig/Content/Controls/ControlRig_Sphere_solid.ubulk" 583
"../../../Engine/Plugins/Animation/ControlRig/Content/Controls/ControlRig_Sphere_solid.uasset" 584
"../../../Engine/Plugins/Animation/ControlRig/Content/Controls/ControlRig_Sphere_solid.uexp" 585
"../../../Engine/Plugins/Animation/ControlRig/Content/Controls/ControlRig_Square_1mm.ubulk" 586
"../../../Engine/Plugins/Animation/ControlRig/Content/Controls/ControlRig_Square_1mm.uasset" 587
"../../../Engine/Plugins/Animation/ControlRig/Content/Controls/ControlRig_Square_1mm.uexp" 588
"../../../Engine/Plugins/Animation/ControlRig/Content/Controls/ControlRig_Square_3mm.ubulk" 589
"../../../Engine/Plugins/Animation/ControlRig/Content/Controls/ControlRig_Square_3mm.uasset" 590
"../../../Engine/Plugins/Animation/ControlRig/Content/Controls/ControlRig_Square_3mm.uexp" 591
"../../../Engine/Plugins/Animation/ControlRig/Content/Controls/ControlRig_Square_solid.ubulk" 592
"../../../Engine/Plugins/Animation/ControlRig/Content/Controls/ControlRig_Square_solid.uasset" 593
"../../../Engine/Plugins/Animation/ControlRig/Content/Controls/ControlRig_Square_solid.uexp" 594
"../../../Engine/Plugins/Animation/ControlRig/Content/Controls/ControlRig_Star4_1mm.ubulk" 595
"../../../Engine/Plugins/Animation/ControlRig/Content/Controls/ControlRig_Star4_1mm.uasset" 596
"../../../Engine/Plugins/Animation/ControlRig/Content/Controls/ControlRig_Star4_1mm.uexp" 597
"../../../Engine/Plugins/Animation/ControlRig/Content/Controls/ControlRig_Star4_3mm.ubulk" 598
"../../../Engine/Plugins/Animation/ControlRig/Content/Controls/ControlRig_Star4_3mm.uasset" 599
"../../../Engine/Plugins/Animation/ControlRig/Content/Controls/ControlRig_Star4_3mm.uexp" 600
"../../../Engine/Plugins/Animation/ControlRig/Content/Controls/ControlRig_Star4_solid.ubulk" 601
"../../../Engine/Plugins/Animation/ControlRig/Content/Controls/ControlRig_Star4_solid.uasset" 602
"../../../Engine/Plugins/Animation/ControlRig/Content/Controls/ControlRig_Star4_solid.uexp" 603
"../../../Engine/Plugins/Animation/ControlRig/Content/Controls/ControlRig_Triangle_1mm.ubulk" 604
"../../../Engine/Plugins/Animation/ControlRig/Content/Controls/ControlRig_Triangle_1mm.uasset" 605
"../../../Engine/Plugins/Animation/ControlRig/Content/Controls/ControlRig_Triangle_1mm.uexp" 606
"../../../Engine/Plugins/Animation/ControlRig/Content/Controls/ControlRig_Triangle_3mm.ubulk" 607
"../../../Engine/Plugins/Animation/ControlRig/Content/Controls/ControlRig_Triangle_3mm.uasset" 608
"../../../Engine/Plugins/Animation/ControlRig/Content/Controls/ControlRig_Triangle_3mm.uexp" 609
"../../../Engine/Plugins/Animation/ControlRig/Content/Controls/ControlRig_Triangle_solid.ubulk" 610
"../../../Engine/Plugins/Animation/ControlRig/Content/Controls/ControlRig_Triangle_solid.uasset" 611
"../../../Engine/Plugins/Animation/ControlRig/Content/Controls/ControlRig_Triangle_solid.uexp" 612
"../../../Engine/Plugins/Animation/ControlRig/Content/Controls/ControlRig_Wedge_1mm.ubulk" 613
"../../../Engine/Plugins/Animation/ControlRig/Content/Controls/ControlRig_Wedge_1mm.uasset" 614
"../../../Engine/Plugins/Animation/ControlRig/Content/Controls/ControlRig_Wedge_1mm.uexp" 615
"../../../Engine/Plugins/Animation/ControlRig/Content/Controls/ControlRig_Wedge_3mm.ubulk" 616
"../../../Engine/Plugins/Animation/ControlRig/Content/Controls/ControlRig_Wedge_3mm.uasset" 617
"../../../Engine/Plugins/Animation/ControlRig/Content/Controls/ControlRig_Wedge_3mm.uexp" 618
"../../../Engine/Plugins/Animation/ControlRig/Content/Controls/ControlRig_Wedge_solid.ubulk" 619
"../../../Engine/Plugins/Animation/ControlRig/Content/Controls/ControlRig_Wedge_solid.uasset" 620
"../../../Engine/Plugins/Animation/ControlRig/Content/Controls/ControlRig_Wedge_solid.uexp" 621
"../../../Engine/Content/EngineMaterials/WeightMapPlaceholderTexture.uasset" 622
"../../../Engine/Content/EngineMaterials/WeightMapPlaceholderTexture.uexp" 623
"../../../Engine/Content/EngineMaterials/WeightMapArrayPlaceholderTexture.uasset" 624
"../../../Engine/Content/EngineMaterials/WeightMapArrayPlaceholderTexture.uexp" 625
"../../../Engine/Content/EngineMaterials/DefaultMaterial.uasset" 626
"../../../Engine/Content/EngineMaterials/DefaultMaterial.uexp" 627
"../../../Engine/Content/BasicShapes/Cone.ubulk" 628
"../../../Engine/Content/BasicShapes/Cone.uasset" 629
"../../../Engine/Content/BasicShapes/Cone.uexp" 630
"../../../Engine/Content/EditorLandscapeResources/SplineEditorMeshMat.uasset" 631
"../../../Engine/Content/EditorLandscapeResources/SplineEditorMeshMat.uexp" 632
"../../../Engine/Content/EditorLandscapeResources/SplineEditorMesh.ubulk" 633
"../../../Engine/Content/EditorLandscapeResources/SplineEditorMesh.uasset" 634
"../../../Engine/Content/EditorLandscapeResources/SplineEditorMesh.uexp" 635
"../../../Engine/Plugins/Media/MediaPlate/Content/SM_MediaPlateScreen.ubulk" 636
"../../../Engine/Plugins/Media/MediaPlate/Content/SM_MediaPlateScreen.uasset" 637
"../../../Engine/Plugins/Media/MediaPlate/Content/SM_MediaPlateScreen.uexp" 638
"../../../Engine/Plugins/2D/Paper2D/Content/DefaultSpriteMaterial.uasset" 639
"../../../Engine/Plugins/2D/Paper2D/Content/DefaultSpriteMaterial.uexp" 640
"../../../Engine/Plugins/2D/Paper2D/Content/OpaqueUnlitSpriteMaterial.uasset" 641
"../../../Engine/Plugins/2D/Paper2D/Content/OpaqueUnlitSpriteMaterial.uexp" 642
"../../../Engine/Plugins/2D/Paper2D/Content/MaskedUnlitSpriteMaterial.uasset" 643
"../../../Engine/Plugins/2D/Paper2D/Content/MaskedUnlitSpriteMaterial.uexp" 644
"../../../Engine/Content/Functions/Engine_MaterialFunctions03/Math/WithinRangeFloat2.uasset" 645
"../../../Engine/Content/Functions/Engine_MaterialFunctions03/Math/WithinRangeFloat2.uexp" 646
"../../../Engine/Content/EditorLandscapeResources/SelectBrushMaterial.uasset" 647
"../../../Engine/Content/EditorLandscapeResources/SelectBrushMaterial.uexp" 648
"../../../Engine/Content/EditorLandscapeResources/SelectBrushMaterial_SelectedRegion.uasset" 649
"../../../Engine/Content/EditorLandscapeResources/SelectBrushMaterial_SelectedRegion.uexp" 650
"../../../Engine/Content/EditorLandscapeResources/SelectBrushMaterial_Selected.uasset" 651
"../../../Engine/Content/EditorLandscapeResources/SelectBrushMaterial_Selected.uexp" 652
"../../../Engine/Content/EditorLandscapeResources/MaskBrushMaterial.uasset" 653
"../../../Engine/Content/EditorLandscapeResources/MaskBrushMaterial.uexp" 654
"../../../Engine/Content/EditorLandscapeResources/MaskBrushMaterial_MaskedRegion.uasset" 655
"../../../Engine/Content/EditorLandscapeResources/MaskBrushMaterial_MaskedRegion.uexp" 656
"../../../Engine/Content/EditorLandscapeResources/ColorMaskBrushMaterial.uasset" 657
"../../../Engine/Content/EditorLandscapeResources/ColorMaskBrushMaterial.uexp" 658
"../../../Engine/Content/EditorLandscapeResources/ColorMaskBrushMaterial_MaskedRegion.uasset" 659
"../../../Engine/Content/EditorLandscapeResources/ColorMaskBrushMaterial_MaskedRegion.uexp" 660
"../../../Engine/Content/EngineResources/WhiteSquareTexture.uasset" 661
"../../../Engine/Content/EngineResources/WhiteSquareTexture.uexp" 662
"../../../Engine/Content/EngineMaterials/Widget3DPassThrough.uasset" 663
"../../../Engine/Content/EngineMaterials/Widget3DPassThrough.uexp" 664
"../../../Engine/Content/EngineMaterials/Widget3DPassThrough_Translucent.uasset" 665
"../../../Engine/Content/EngineMaterials/Widget3DPassThrough_Translucent.uexp" 666
"../../../Engine/Content/EngineMaterials/Widget3DPassThrough_Translucent_OneSided.uasset" 667
"../../../Engine/Content/EngineMaterials/Widget3DPassThrough_Translucent_OneSided.uexp" 668
"../../../Engine/Content/EngineMaterials/Widget3DPassThrough_Opaque.uasset" 669
"../../../Engine/Content/EngineMaterials/Widget3DPassThrough_Opaque.uexp" 670
"../../../Engine/Content/EngineMaterials/Widget3DPassThrough_Opaque_OneSided.uasset" 671
"../../../Engine/Content/EngineMaterials/Widget3DPassThrough_Opaque_OneSided.uexp" 672
"../../../Engine/Content/EngineMaterials/Widget3DPassThrough_Masked_OneSided.uasset" 673
"../../../Engine/Content/EngineMaterials/Widget3DPassThrough_Masked_OneSided.uexp" 674
"../../../Engine/Content/EngineMaterials/Widget3DPassThrough_Masked.uasset" 675
"../../../Engine/Content/EngineMaterials/Widget3DPassThrough_Masked.uexp" 676
"../../../Engine/Content/EngineResources/DefaultTextureCube.uasset" 677
"../../../Engine/Content/EngineResources/DefaultTextureCube.uexp" 678
"../../../Engine/Plugins/Interchange/Assets/Content/gltf/Textures/T_White_srgb.uasset" 679
"../../../Engine/Plugins/Interchange/Assets/Content/gltf/Textures/T_White_srgb.uexp" 680
"../../../Engine/Plugins/Interchange/Assets/Content/gltf/MaterialFunctions/MF_BaseColor.uasset" 681
"../../../Engine/Plugins/Interchange/Assets/Content/gltf/MaterialFunctions/MF_BaseColor.uexp" 682
"../../../Engine/Plugins/Interchange/Assets/Content/gltf/MaterialFunctions/MF_RotateV2.uasset" 683
"../../../Engine/Plugins/Interchange/Assets/Content/gltf/MaterialFunctions/MF_RotateV2.uexp" 684
"../../../Engine/Plugins/Interchange/Assets/Content/gltf/MaterialFunctions/MF_TransformUVs.uasset" 685
"../../../Engine/Plugins/Interchange/Assets/Content/gltf/MaterialFunctions/MF_TransformUVs.uexp" 686
"../../../Engine/Plugins/Interchange/Assets/Content/gltf/MaterialBodies/MF_Unlit_Body.uasset" 687
"../../../Engine/Plugins/Interchange/Assets/Content/gltf/MaterialBodies/MF_Unlit_Body.uexp" 688
"../../../Engine/Plugins/Interchange/Assets/Content/gltf/M_Unlit.uasset" 689
"../../../Engine/Plugins/Interchange/Assets/Content/gltf/M_Unlit.uexp" 690
"../../../Engine/Plugins/Interchange/Assets/Content/gltf/MaterialInstances/MI_Unlit_Opaque_DS.uasset" 691
"../../../Engine/Plugins/Interchange/Assets/Content/gltf/MaterialInstances/MI_Unlit_Opaque_DS.uexp" 692
"../../../Engine/Plugins/Interchange/Assets/Content/gltf/MaterialInstances/MI_Unlit_Opaque.uasset" 693
"../../../Engine/Plugins/Interchange/Assets/Content/gltf/MaterialInstances/MI_Unlit_Opaque.uexp" 694
"../../../Engine/Plugins/Interchange/Assets/Content/gltf/MaterialInstances/MI_Unlit_Mask_DS.uasset" 695
"../../../Engine/Plugins/Interchange/Assets/Content/gltf/MaterialInstances/MI_Unlit_Mask_DS.uexp" 696
"../../../Engine/Plugins/Interchange/Assets/Content/gltf/MaterialInstances/MI_Unlit_Mask.uasset" 697
"../../../Engine/Plugins/Interchange/Assets/Content/gltf/MaterialInstances/MI_Unlit_Mask.uexp" 698
"../../../Engine/Plugins/Interchange/Assets/Content/gltf/MaterialInstances/MI_Unlit_Blend_DS.uasset" 699
"../../../Engine/Plugins/Interchange/Assets/Content/gltf/MaterialInstances/MI_Unlit_Blend_DS.uexp" 700
"../../../Engine/Plugins/Interchange/Assets/Content/gltf/MaterialInstances/MI_Unlit_Blend.uasset" 701
"../../../Engine/Plugins/Interchange/Assets/Content/gltf/MaterialInstances/MI_Unlit_Blend.uexp" 702
"../../../Engine/Content/EngineMaterials/Good64x64TilingNoiseHighFreq.uasset" 703
"../../../Engine/Content/EngineMaterials/Good64x64TilingNoiseHighFreq.uexp" 704
"../../../Engine/Content/Functions/Engine_MaterialFunctions02/Texturing/ScreenAlignedPixelToPixelUVs.uasset" 705
"../../../Engine/Content/Functions/Engine_MaterialFunctions02/Texturing/ScreenAlignedPixelToPixelUVs.uexp" 706
"../../../Engine/Plugins/Interchange/Assets/Content/Utilities/New_LUT.uasset" 707
"../../../Engine/Plugins/Interchange/Assets/Content/Utilities/New_LUT.uexp" 708
"../../../Engine/Content/Functions/Engine_MaterialFunctions03/Math/RemapValueRange.uasset" 709
"../../../Engine/Content/Functions/Engine_MaterialFunctions03/Math/RemapValueRange.uexp" 710
"../../../Engine/Plugins/Interchange/Assets/Content/Functions/MF_Iridescence.uasset" 711
"../../../Engine/Plugins/Interchange/Assets/Content/Functions/MF_Iridescence.uexp" 712
"../../../Engine/Plugins/Interchange/Assets/Content/gltf/MaterialFunctions/MF_Fresnel_DS.uasset" 713
"../../../Engine/Plugins/Interchange/Assets/Content/gltf/MaterialFunctions/MF_Fresnel_DS.uexp" 714
"../../../Engine/Plugins/Interchange/Assets/Content/gltf/MaterialFunctions/MF_IOR.uasset" 715
"../../../Engine/Plugins/Interchange/Assets/Content/gltf/MaterialFunctions/MF_IOR.uexp" 716
"../../../Engine/Plugins/Interchange/Assets/Content/gltf/MaterialFunctions/MF_Iridescence.uasset" 717
"../../../Engine/Plugins/Interchange/Assets/Content/gltf/MaterialFunctions/MF_Iridescence.uexp" 718
"../../../Engine/Plugins/Interchange/Assets/Content/gltf/Textures/T_White_Linear.uasset" 719
"../../../Engine/Plugins/Interchange/Assets/Content/gltf/Textures/T_White_Linear.uexp" 720
"../../../Engine/Plugins/Interchange/Assets/Content/gltf/MaterialFunctions/MF_MetallicRoughness.uasset" 721
"../../../Engine/Plugins/Interchange/Assets/Content/gltf/MaterialFunctions/MF_MetallicRoughness.uexp" 722
"../../../Engine/Content/Functions/Engine_MaterialFunctions02/Math/Transform3x3Matrix.uasset" 723
"../../../Engine/Content/Functions/Engine_MaterialFunctions02/Math/Transform3x3Matrix.uexp" 724
"../../../Engine/Plugins/Interchange/Assets/Content/gltf/MaterialFunctions/MF_RotateNormals_TS.uasset" 725
"../../../Engine/Plugins/Interchange/Assets/Content/gltf/MaterialFunctions/MF_RotateNormals_TS.uexp" 726
"../../../Engine/Plugins/Interchange/Assets/Content/gltf/MaterialFunctions/MF_ScaleNormal.uasset" 727
"../../../Engine/Plugins/Interchange/Assets/Content/gltf/MaterialFunctions/MF_ScaleNormal.uexp" 728
"../../../Engine/Plugins/Interchange/Assets/Content/gltf/Textures/T_Generic_N.uasset" 729
"../../../Engine/Plugins/Interchange/Assets/Content/gltf/Textures/T_Generic_N.uexp" 730
"../../../Engine/Plugins/Interchange/Assets/Content/gltf/MaterialFunctions/MF_Normals.uasset" 731
"../../../Engine/Plugins/Interchange/Assets/Content/gltf/MaterialFunctions/MF_Normals.uexp" 732
"../../../Engine/Plugins/Interchange/Assets/Content/gltf/MaterialFunctions/MF_Occlusion.uasset" 733
"../../../Engine/Plugins/Interchange/Assets/Content/gltf/MaterialFunctions/MF_Occlusion.uexp" 734
"../../../Engine/Plugins/Interchange/Assets/Content/gltf/MaterialFunctions/MF_Specular.uasset" 735
"../../../Engine/Plugins/Interchange/Assets/Content/gltf/MaterialFunctions/MF_Specular.uexp" 736
"../../../Engine/Plugins/Interchange/Assets/Content/gltf/Textures/T_Anisotropy_Direction_Linear.uasset" 737
"../../../Engine/Plugins/Interchange/Assets/Content/gltf/Textures/T_Anisotropy_Direction_Linear.uexp" 738
"../../../Engine/Plugins/Interchange/Assets/Content/gltf/MaterialFunctions/MF_SpecularAnisotropy.uasset" 739
"../../../Engine/Plugins/Interchange/Assets/Content/gltf/MaterialFunctions/MF_SpecularAnisotropy.uexp" 740
"../../../Engine/Plugins/Interchange/Assets/Content/gltf/MaterialFunctions/MF_Temporal_Blur.uasset" 741
"../../../Engine/Plugins/Interchange/Assets/Content/gltf/MaterialFunctions/MF_Temporal_Blur.uexp" 742
"../../../Engine/Plugins/Interchange/Assets/Content/gltf/MaterialFunctions/MF_Transmission.uasset" 743
"../../../Engine/Plugins/Interchange/Assets/Content/gltf/MaterialFunctions/MF_Transmission.uexp" 744
"../../../Engine/Plugins/Interchange/Assets/Content/gltf/MaterialBodies/MF_Transmission_Body.uasset" 745
"../../../Engine/Plugins/Interchange/Assets/Content/gltf/MaterialBodies/MF_Transmission_Body.uexp" 746
"../../../Engine/Plugins/Interchange/Assets/Content/gltf/M_Transmission.uasset" 747
"../../../Engine/Plugins/Interchange/Assets/Content/gltf/M_Transmission.uexp" 748
"../../../Engine/Plugins/Interchange/Assets/Content/gltf/MaterialInstances/MI_Transmission_DS.uasset" 749
"../../../Engine/Plugins/Interchange/Assets/Content/gltf/MaterialInstances/MI_Transmission_DS.uexp" 750
"../../../Engine/Plugins/Interchange/Assets/Content/gltf/MaterialInstances/MI_Transmission.uasset" 751
"../../../Engine/Plugins/Interchange/Assets/Content/gltf/MaterialInstances/MI_Transmission.uexp" 752
"../../../Engine/Content/Functions/Engine_MaterialFunctions02/Math/AddComponents.uasset" 753
"../../../Engine/Content/Functions/Engine_MaterialFunctions02/Math/AddComponents.uexp" 754
"../../../Engine/Plugins/Interchange/Assets/Content/gltf/MaterialFunctions/MF_DiffuseSpecGloss.uasset" 755
"../../../Engine/Plugins/Interchange/Assets/Content/gltf/MaterialFunctions/MF_DiffuseSpecGloss.uexp" 756
"../../../Engine/Plugins/Interchange/Assets/Content/gltf/MaterialFunctions/MF_Emissive.uasset" 757
"../../../Engine/Plugins/Interchange/Assets/Content/gltf/MaterialFunctions/MF_Emissive.uexp" 758
"../../../Engine/Plugins/Interchange/Assets/Content/gltf/MaterialFunctions/MF_MaxComponentValue.uasset" 759
"../../../Engine/Plugins/Interchange/Assets/Content/gltf/MaterialFunctions/MF_MaxComponentValue.uexp" 760
"../../../Engine/Plugins/Interchange/Assets/Content/gltf/MaterialFunctions/MF_PerceivedBrightness.uasset" 761
"../../../Engine/Plugins/Interchange/Assets/Content/gltf/MaterialFunctions/MF_PerceivedBrightness.uexp" 762
"../../../Engine/Plugins/Interchange/Assets/Content/gltf/MaterialFunctions/MF_SpecGlossToMetalRoughness.uasset" 763
"../../../Engine/Plugins/Interchange/Assets/Content/gltf/MaterialFunctions/MF_SpecGlossToMetalRoughness.uexp" 764
"../../../Engine/Plugins/Interchange/Assets/Content/gltf/MaterialBodies/MF_SpecularGlossiness_Body.uasset" 765
"../../../Engine/Plugins/Interchange/Assets/Content/gltf/MaterialBodies/MF_SpecularGlossiness_Body.uexp" 766
"../../../Engine/Plugins/Interchange/Assets/Content/gltf/M_SpecularGlossiness.uasset" 767
"../../../Engine/Plugins/Interchange/Assets/Content/gltf/M_SpecularGlossiness.uexp" 768
"../../../Engine/Plugins/Interchange/Assets/Content/gltf/MaterialInstances/MI_SpecularGlossiness_Opaque_DS.uasset" 769
"../../../Engine/Plugins/Interchange/Assets/Content/gltf/MaterialInstances/MI_SpecularGlossiness_Opaque_DS.uexp" 770
"../../../Engine/Plugins/Interchange/Assets/Content/gltf/MaterialInstances/MI_SpecularGlossiness_Opaque.uasset" 771
"../../../Engine/Plugins/Interchange/Assets/Content/gltf/MaterialInstances/MI_SpecularGlossiness_Opaque.uexp" 772
"../../../Engine/Plugins/Interchange/Assets/Content/gltf/MaterialInstances/MI_SpecularGlossiness_Mask_DS.uasset" 773
"../../../Engine/Plugins/Interchange/Assets/Content/gltf/MaterialInstances/MI_SpecularGlossiness_Mask_DS.uexp" 774
"../../../Engine/Plugins/Interchange/Assets/Content/gltf/MaterialInstances/MI_SpecularGlossiness_Mask.uasset" 775
"../../../Engine/Plugins/Interchange/Assets/Content/gltf/MaterialInstances/MI_SpecularGlossiness_Mask.uexp" 776
"../../../Engine/Plugins/Interchange/Assets/Content/gltf/MaterialInstances/MI_SpecularGlossiness_Blend_DS.uasset" 777
"../../../Engine/Plugins/Interchange/Assets/Content/gltf/MaterialInstances/MI_SpecularGlossiness_Blend_DS.uexp" 778
"../../../Engine/Plugins/Interchange/Assets/Content/gltf/MaterialInstances/MI_SpecularGlossiness_Blend.uasset" 779
"../../../Engine/Plugins/Interchange/Assets/Content/gltf/MaterialInstances/MI_SpecularGlossiness_Blend.uexp" 780
"../../../Engine/Plugins/Interchange/Assets/Content/gltf/MaterialFunctions/MF_Sheen.uasset" 781
"../../../Engine/Plugins/Interchange/Assets/Content/gltf/MaterialFunctions/MF_Sheen.uexp" 782
"../../../Engine/Plugins/Interchange/Assets/Content/gltf/MaterialBodies/MF_Sheen_Body.uasset" 783
"../../../Engine/Plugins/Interchange/Assets/Content/gltf/MaterialBodies/MF_Sheen_Body.uexp" 784
"../../../Engine/Plugins/Interchange/Assets/Content/gltf/M_Sheen.uasset" 785
"../../../Engine/Plugins/Interchange/Assets/Content/gltf/M_Sheen.uexp" 786
"../../../Engine/Plugins/Interchange/Assets/Content/gltf/MaterialInstances/MI_Sheen_Opaque_DS.uasset" 787
"../../../Engine/Plugins/Interchange/Assets/Content/gltf/MaterialInstances/MI_Sheen_Opaque_DS.uexp" 788
"../../../Engine/Plugins/Interchange/Assets/Content/gltf/MaterialInstances/MI_Sheen_Opaque.uasset" 789
"../../../Engine/Plugins/Interchange/Assets/Content/gltf/MaterialInstances/MI_Sheen_Opaque.uexp" 790
"../../../Engine/Plugins/Interchange/Assets/Content/gltf/MaterialInstances/MI_Sheen_Mask_DS.uasset" 791
"../../../Engine/Plugins/Interchange/Assets/Content/gltf/MaterialInstances/MI_Sheen_Mask_DS.uexp" 792
"../../../Engine/Plugins/Interchange/Assets/Content/gltf/MaterialInstances/MI_Sheen_Mask.uasset" 793
"../../../Engine/Plugins/Interchange/Assets/Content/gltf/MaterialInstances/MI_Sheen_Mask.uexp" 794
"../../../Engine/Plugins/Interchange/Assets/Content/gltf/MaterialInstances/MI_Sheen_Blend_DS.uasset" 795
"../../../Engine/Plugins/Interchange/Assets/Content/gltf/MaterialInstances/MI_Sheen_Blend_DS.uexp" 796
"../../../Engine/Plugins/Interchange/Assets/Content/gltf/MaterialInstances/MI_Sheen_Blend.uasset" 797
"../../../Engine/Plugins/Interchange/Assets/Content/gltf/MaterialInstances/MI_Sheen_Blend.uexp" 798
"../../../Engine/Plugins/Interchange/Assets/Content/gltf/MaterialBodies/MF_Default_Body.uasset" 799
"../../../Engine/Plugins/Interchange/Assets/Content/gltf/MaterialBodies/MF_Default_Body.uexp" 800
"../../../Engine/Plugins/Interchange/Assets/Content/gltf/M_Default.uasset" 801
"../../../Engine/Plugins/Interchange/Assets/Content/gltf/M_Default.uexp" 802
"../../../Engine/Plugins/Interchange/Assets/Content/gltf/MaterialInstances/MI_Default_Opaque.uasset" 803
"../../../Engine/Plugins/Interchange/Assets/Content/gltf/MaterialInstances/MI_Default_Opaque.uexp" 804
"../../../Engine/Plugins/Interchange/Assets/Content/gltf/MaterialInstances/MI_Default_Mask_DS.uasset" 805
"../../../Engine/Plugins/Interchange/Assets/Content/gltf/MaterialInstances/MI_Default_Mask_DS.uexp" 806
"../../../Engine/Plugins/Interchange/Assets/Content/gltf/MaterialInstances/MI_Default_Mask.uasset" 807
"../../../Engine/Plugins/Interchange/Assets/Content/gltf/MaterialInstances/MI_Default_Mask.uexp" 808
"../../../Engine/Plugins/Interchange/Assets/Content/gltf/MaterialInstances/MI_Default_Blend_DS.uasset" 809
"../../../Engine/Plugins/Interchange/Assets/Content/gltf/MaterialInstances/MI_Default_Blend_DS.uexp" 810
"../../../Engine/Plugins/Interchange/Assets/Content/gltf/MaterialInstances/MI_Default_Blend.uasset" 811
"../../../Engine/Plugins/Interchange/Assets/Content/gltf/MaterialInstances/MI_Default_Blend.uexp" 812
"../../../Engine/Content/Functions/Engine_MaterialFunctions01/Texturing/FlattenNormal.uasset" 813
"../../../Engine/Content/Functions/Engine_MaterialFunctions01/Texturing/FlattenNormal.uexp" 814
"../../../Engine/Plugins/Interchange/Assets/Content/gltf/MaterialFunctions/MF_Clearcoat.uasset" 815
"../../../Engine/Plugins/Interchange/Assets/Content/gltf/MaterialFunctions/MF_Clearcoat.uexp" 816
"../../../Engine/Plugins/Interchange/Assets/Content/gltf/MaterialBodies/MF_ClearCoat_Body.uasset" 817
"../../../Engine/Plugins/Interchange/Assets/Content/gltf/MaterialBodies/MF_ClearCoat_Body.uexp" 818
"../../../Engine/Plugins/Interchange/Assets/Content/gltf/M_ClearCoat.uasset" 819
"../../../Engine/Plugins/Interchange/Assets/Content/gltf/M_ClearCoat.uexp" 820
"../../../Engine/Plugins/Interchange/Assets/Content/gltf/MaterialInstances/MI_ClearCoat_Opaque_DS.uasset" 821
"../../../Engine/Plugins/Interchange/Assets/Content/gltf/MaterialInstances/MI_ClearCoat_Opaque_DS.uexp" 822
"../../../Engine/Plugins/Interchange/Assets/Content/gltf/MaterialInstances/MI_ClearCoat_Opaque.uasset" 823
"../../../Engine/Plugins/Interchange/Assets/Content/gltf/MaterialInstances/MI_ClearCoat_Opaque.uexp" 824
"../../../Engine/Plugins/Interchange/Assets/Content/gltf/MaterialInstances/MI_ClearCoat_Mask_DS.uasset" 825
"../../../Engine/Plugins/Interchange/Assets/Content/gltf/MaterialInstances/MI_ClearCoat_Mask_DS.uexp" 826
"../../../Engine/Plugins/Interchange/Assets/Content/gltf/MaterialInstances/MI_ClearCoat_Mask.uasset" 827
"../../../Engine/Plugins/Interchange/Assets/Content/gltf/MaterialInstances/MI_ClearCoat_Mask.uexp" 828
"../../../Engine/Plugins/Interchange/Assets/Content/gltf/MaterialInstances/MI_ClearCoat_Blend_DS.uasset" 829
"../../../Engine/Plugins/Interchange/Assets/Content/gltf/MaterialInstances/MI_ClearCoat_Blend_DS.uexp" 830
"../../../Engine/Plugins/Interchange/Assets/Content/gltf/MaterialInstances/MI_ClearCoat_Blend.uasset" 831
"../../../Engine/Plugins/Interchange/Assets/Content/gltf/MaterialInstances/MI_ClearCoat_Blend.uexp" 832
"../../../Engine/Content/EngineMaterials/Substrate/Volume/SubstrateSimpleVolumeLUT3D.uasset" 833
"../../../Engine/Content/EngineMaterials/Substrate/Volume/SubstrateSimpleVolumeLUT3D.uexp" 834
"../../../Engine/Content/EngineMaterials/Substrate/Volume/SubstrateSimpleVolumeEnvLUT3D.uasset" 835
"../../../Engine/Content/EngineMaterials/Substrate/Volume/SubstrateSimpleVolumeEnvLUT3D.uexp" 836
"../../../Engine/Plugins/NNE/NNEDenoiser/Content/NNE_oidn2-3-0_rt_hdr_alb_nrm_small__dyn__fp16_opset11_DenoiseAlpha.uasset" 837
"../../../Engine/Plugins/NNE/NNEDenoiser/Content/NNE_oidn2-3-0_rt_hdr_alb_nrm_small__dyn__fp16_opset11_DenoiseAlpha.uexp" 838
"../../../Engine/Plugins/NNE/NNEDenoiser/Content/NNE_oidn2-3-0_rt_hdr_alb_nrm_small__dyn__fp16_opset11_ForwardAlpha.uasset" 839
"../../../Engine/Plugins/NNE/NNEDenoiser/Content/NNE_oidn2-3-0_rt_hdr_alb_nrm_small__dyn__fp16_opset11_ForwardAlpha.uexp" 840
"../../../Engine/Plugins/NNE/NNEDenoiser/Content/NNE_oidn2-3-0_rt_hdr_alb_nrm__dyn__fp16_opset11_DenoiseAlpha.uasset" 841
"../../../Engine/Plugins/NNE/NNEDenoiser/Content/NNE_oidn2-3-0_rt_hdr_alb_nrm__dyn__fp16_opset11_DenoiseAlpha.uexp" 842
"../../../Engine/Plugins/NNE/NNEDenoiser/Content/NNE_oidn2-3-0_rt_hdr_alb_nrm__dyn__fp16_opset11_ForwardAlpha.uasset" 843
"../../../Engine/Plugins/NNE/NNEDenoiser/Content/NNE_oidn2-3-0_rt_hdr_alb_nrm__dyn__fp16_opset11_ForwardAlpha.uexp" 844
"../../../Engine/Plugins/NNE/NNEDenoiser/Content/NNE_oidn2-3-0_rt_hdr_calb_cnrm_large__dyn__fp16_opset11_DenoiseAlpha.uasset" 845
"../../../Engine/Plugins/NNE/NNEDenoiser/Content/NNE_oidn2-3-0_rt_hdr_calb_cnrm_large__dyn__fp16_opset11_DenoiseAlpha.uexp" 846
"../../../Engine/Plugins/NNE/NNEDenoiser/Content/NNE_oidn2-3-0_rt_hdr_calb_cnrm_large__dyn__fp16_opset11_ForwardAlpha.uasset" 847
"../../../Engine/Plugins/NNE/NNEDenoiser/Content/NNE_oidn2-3-0_rt_hdr_calb_cnrm_large__dyn__fp16_opset11_ForwardAlpha.uexp" 848
"../../../Engine/Content/EngineResources/LandscapeVisibilityLayerInfo.uasset" 849
"../../../Engine/Content/EngineResources/LandscapeVisibilityLayerInfo.uexp" 850
"../../../Engine/Content/VREditor/Sounds/UI/Drop_Item_From_ContentBrowser.ubulk" 851
"../../../Engine/Content/VREditor/Sounds/UI/Drop_Item_From_ContentBrowser.uasset" 852
"../../../Engine/Content/VREditor/Sounds/UI/Drop_Item_From_ContentBrowser.uexp" 853
"../../../Engine/Content/VREditor/TransformGizmo/TransformGizmoMaterial_Inst.uasset" 854
"../../../Engine/Content/VREditor/TransformGizmo/TransformGizmoMaterial_Inst.uexp" 855
"../../../Engine/Content/VREditor/TransformGizmo/TranslucentTransformGizmoMaterial_Inst.uasset" 856
"../../../Engine/Content/VREditor/TransformGizmo/TranslucentTransformGizmoMaterial_Inst.uexp" 857
"../../../Engine/Content/Functions/Engine_MaterialFunctions02/SplitComponents.uasset" 858
"../../../Engine/Content/Functions/Engine_MaterialFunctions02/SplitComponents.uexp" 859
"../../../Engine/Content/VREditor/SnapGrid/SnapGridMaterial.uasset" 860
"../../../Engine/Content/VREditor/SnapGrid/SnapGridMaterial.uexp" 861
"../../../Engine/Content/VREditor/SnapGrid/SnapGridPlaneMesh.ubulk" 862
"../../../Engine/Content/VREditor/SnapGrid/SnapGridPlaneMesh.uasset" 863
"../../../Engine/Content/VREditor/SnapGrid/SnapGridPlaneMesh.uexp" 864
"../../../Engine/Content/VREditor/Sounds/UI/Gizmo_Handle_Clicked.ubulk" 865
"../../../Engine/Content/VREditor/Sounds/UI/Gizmo_Handle_Clicked.uasset" 866
"../../../Engine/Content/VREditor/Sounds/UI/Gizmo_Handle_Clicked.uexp" 867
"../../../Engine/Content/VREditor/Sounds/UI/Object_PickUp.ubulk" 868
"../../../Engine/Content/VREditor/Sounds/UI/Object_PickUp.uasset" 869
"../../../Engine/Content/VREditor/Sounds/UI/Object_PickUp.uexp" 870
"../../../Engine/Content/VREditor/Sounds/UI/Object_Snaps_To_Another_Actor.ubulk" 871
"../../../Engine/Content/VREditor/Sounds/UI/Object_Snaps_To_Another_Actor.uasset" 872
"../../../Engine/Content/VREditor/Sounds/UI/Object_Snaps_To_Another_Actor.uexp" 873
"../../../Engine/Content/VREditor/Sounds/UI/Object_Snaps_To_Grid.ubulk" 874
"../../../Engine/Content/VREditor/Sounds/UI/Object_Snaps_To_Grid.uasset" 875
"../../../Engine/Content/VREditor/Sounds/UI/Object_Snaps_To_Grid.uexp" 876
"../../../Engine/Content/VREditor/Sounds/UI/Scaling_Down.ubulk" 877
"../../../Engine/Content/VREditor/Sounds/UI/Scaling_Down.uasset" 878
"../../../Engine/Content/VREditor/Sounds/UI/Scaling_Down.uexp" 879
"../../../Engine/Content/VREditor/Sounds/UI/Scaling_Up.ubulk" 880
"../../../Engine/Content/VREditor/Sounds/UI/Scaling_Up.uasset" 881
"../../../Engine/Content/VREditor/Sounds/UI/Scaling_Up.uexp" 882
"../../../Engine/Content/VREditor/Sounds/UI/Selection_Changes.ubulk" 883
"../../../Engine/Content/VREditor/Sounds/UI/Selection_Changes.uasset" 884
"../../../Engine/Content/VREditor/Sounds/UI/Selection_Changes.uexp" 885
"../../../Engine/Content/VREditor/TransformGizmo/PlaneTranslationHandle.ubulk" 886
"../../../Engine/Content/VREditor/TransformGizmo/PlaneTranslationHandle.uasset" 887
"../../../Engine/Content/VREditor/TransformGizmo/PlaneTranslationHandle.uexp" 888
"../../../Engine/Content/VREditor/TransformGizmo/RotationHandleFull.ubulk" 889
"../../../Engine/Content/VREditor/TransformGizmo/RotationHandleFull.uasset" 890
"../../../Engine/Content/VREditor/TransformGizmo/RotationHandleFull.uexp" 891
"../../../Engine/Content/VREditor/TransformGizmo/RotationHandleIndicator.ubulk" 892
"../../../Engine/Content/VREditor/TransformGizmo/RotationHandleIndicator.uasset" 893
"../../../Engine/Content/VREditor/TransformGizmo/RotationHandleIndicator.uexp" 894
"../../../Engine/Content/VREditor/TransformGizmo/RotationHandleQuarter.ubulk" 895
"../../../Engine/Content/VREditor/TransformGizmo/RotationHandleQuarter.uasset" 896
"../../../Engine/Content/VREditor/TransformGizmo/RotationHandleQuarter.uexp" 897
"../../../Engine/Content/VREditor/TransformGizmo/StartRotationHandleIndicator.ubulk" 898
"../../../Engine/Content/VREditor/TransformGizmo/StartRotationHandleIndicator.uasset" 899
"../../../Engine/Content/VREditor/TransformGizmo/StartRotationHandleIndicator.uexp" 900
"../../../Engine/Content/VREditor/TransformGizmo/TransformGizmoFreeRotation.ubulk" 901
"../../../Engine/Content/VREditor/TransformGizmo/TransformGizmoFreeRotation.uasset" 902
"../../../Engine/Content/VREditor/TransformGizmo/TransformGizmoFreeRotation.uexp" 903
"../../../Engine/Content/VREditor/TransformGizmo/TranslateArrowHandle.ubulk" 904
"../../../Engine/Content/VREditor/TransformGizmo/TranslateArrowHandle.uasset" 905
"../../../Engine/Content/VREditor/TransformGizmo/TranslateArrowHandle.uexp" 906
"../../../Engine/Content/VREditor/TransformGizmo/UniformScaleHandle.ubulk" 907
"../../../Engine/Content/VREditor/TransformGizmo/UniformScaleHandle.uasset" 908
"../../../Engine/Content/VREditor/TransformGizmo/UniformScaleHandle.uexp" 909
"../../../Engine/Plugins/Animation/DeformerGraph/Content/DeformerFunctions/DG_Function_LinearBlendSkin_Morph_Cloth.uasset" 910
"../../../Engine/Plugins/Animation/DeformerGraph/Content/DeformerFunctions/DG_Function_LinearBlendSkin_Morph_Cloth.uexp" 911
"../../../Engine/Plugins/Animation/DeformerGraph/Content/Deformers/DG_LinearBlendSkin_Morph_Cloth.uasset" 912
"../../../Engine/Plugins/Animation/DeformerGraph/Content/Deformers/DG_LinearBlendSkin_Morph_Cloth.uexp" 913
"../../../Engine/Plugins/Animation/DeformerGraph/Content/DeformerFunctions/DG_Function_LinearBlendSkin_Morph_Cloth_PositionOnly.uasset" 914
"../../../Engine/Plugins/Animation/DeformerGraph/Content/DeformerFunctions/DG_Function_LinearBlendSkin_Morph_Cloth_PositionOnly.uexp" 915
"../../../Engine/Plugins/Animation/DeformerGraph/Content/DeformerFunctions/DG_Function_ComputeNormalsTangents.uasset" 916
"../../../Engine/Plugins/Animation/DeformerGraph/Content/DeformerFunctions/DG_Function_ComputeNormalsTangents.uexp" 917
"../../../Engine/Plugins/Animation/DeformerGraph/Content/Deformers/DG_LinearBlendSkin_Morph_Cloth_RecomputeNormals.uasset" 918
"../../../Engine/Plugins/Animation/DeformerGraph/Content/Deformers/DG_LinearBlendSkin_Morph_Cloth_RecomputeNormals.uexp" 919
"../../../Engine/Plugins/NNE/NNEDenoiser/Content/NNEDT_Oidn2-3_Balanced.uasset" 920
"../../../Engine/Plugins/NNE/NNEDenoiser/Content/NNEDT_Oidn2-3_Balanced.uexp" 921
"../../../Engine/Plugins/NNE/NNEDenoiser/Content/NNEDT_Oidn2-3_Balanced_Alpha.uasset" 922
"../../../Engine/Plugins/NNE/NNEDenoiser/Content/NNEDT_Oidn2-3_Balanced_Alpha.uexp" 923
"../../../Engine/Plugins/NNE/NNEDenoiser/Content/NNED_Oidn2-3_Balanced.uasset" 924
"../../../Engine/Plugins/NNE/NNEDenoiser/Content/NNED_Oidn2-3_Balanced.uexp" 925
"../../../Engine/Plugins/NNE/NNEDenoiser/Content/NNED_Oidn2-3_Balanced_Alpha.uasset" 926
"../../../Engine/Plugins/NNE/NNEDenoiser/Content/NNED_Oidn2-3_Balanced_Alpha.uexp" 927
"../../../Engine/Plugins/NNE/NNEDenoiser/Content/NNED_Oidn2-3_Fast.uasset" 928
"../../../Engine/Plugins/NNE/NNEDenoiser/Content/NNED_Oidn2-3_Fast.uexp" 929
"../../../Engine/Plugins/NNE/NNEDenoiser/Content/NNED_Oidn2-3_Fast_Alpha.uasset" 930
"../../../Engine/Plugins/NNE/NNEDenoiser/Content/NNED_Oidn2-3_Fast_Alpha.uexp" 931
"../../../Engine/Plugins/NNE/NNEDenoiser/Content/NNED_Oidn2-3_HighQuality.uasset" 932
"../../../Engine/Plugins/NNE/NNEDenoiser/Content/NNED_Oidn2-3_HighQuality.uexp" 933
"../../../Engine/Plugins/NNE/NNEDenoiser/Content/NNED_Oidn2-3_HighQuality_Alpha.uasset" 934
"../../../Engine/Plugins/NNE/NNEDenoiser/Content/NNED_Oidn2-3_HighQuality_Alpha.uexp" 935
"../../../Engine/Content/BasicShapes/Cube.ubulk" 936
"../../../Engine/Content/BasicShapes/Cube.uasset" 937
"../../../Engine/Content/BasicShapes/Cube.uexp" 938
"../../../Engine/Content/BasicShapes/Plane.ubulk" 939
"../../../Engine/Content/BasicShapes/Plane.uasset" 940
"../../../Engine/Content/BasicShapes/Plane.uexp" 941
"../../../Engine/Content/EngineMaterials/BlendFunc_DefBlend.uasset" 942
"../../../Engine/Content/EngineMaterials/BlendFunc_DefBlend.uexp" 943
"../../../Engine/Content/EngineMaterials/BlendFunc_DefBase.uasset" 944
"../../../Engine/Content/EngineMaterials/BlendFunc_DefBase.uexp" 945
"../../../Engine/Content/Functions/Engine_MaterialFunctions03/Blends/Blend_Overlay.uasset" 946
"../../../Engine/Content/Functions/Engine_MaterialFunctions03/Blends/Blend_Overlay.uexp" 947
"D:/Babys2ndAnnihilation/BitWindy/Content/A_Surface_Footstep/PhysMats/Physics_Snow.uasset" 948
"D:/Babys2ndAnnihilation/BitWindy/Content/A_Surface_Footstep/PhysMats/Physics_Snow.uexp" 949
"D:/Babys2ndAnnihilation/BitWindy/Content/A_Surface_Footstep/Environment_Assets/Textures/T_Rock_Marble_Polished_D.ubulk" 950
"D:/Babys2ndAnnihilation/BitWindy/Content/A_Surface_Footstep/Environment_Assets/Textures/T_Rock_Marble_Polished_D.uasset" 951
"D:/Babys2ndAnnihilation/BitWindy/Content/A_Surface_Footstep/Environment_Assets/Textures/T_Rock_Marble_Polished_D.uexp" 952
"D:/Babys2ndAnnihilation/BitWindy/Content/A_Surface_Footstep/Environment_Assets/Textures/T_Perlin_Noise_M.ubulk" 953
"D:/Babys2ndAnnihilation/BitWindy/Content/A_Surface_Footstep/Environment_Assets/Textures/T_Perlin_Noise_M.uasset" 954
"D:/Babys2ndAnnihilation/BitWindy/Content/A_Surface_Footstep/Environment_Assets/Textures/T_Perlin_Noise_M.uexp" 955
"D:/Babys2ndAnnihilation/BitWindy/Content/A_Surface_Footstep/Environment_Assets/Textures/T_Metal_Gold_N.ubulk" 956
"D:/Babys2ndAnnihilation/BitWindy/Content/A_Surface_Footstep/Environment_Assets/Textures/T_Metal_Gold_N.uasset" 957
"D:/Babys2ndAnnihilation/BitWindy/Content/A_Surface_Footstep/Environment_Assets/Textures/T_Metal_Gold_N.uexp" 958
"D:/Babys2ndAnnihilation/BitWindy/Content/A_Surface_Footstep/Environment_Assets/Materials/M_Snow.uasset" 959
"D:/Babys2ndAnnihilation/BitWindy/Content/A_Surface_Footstep/Environment_Assets/Materials/M_Snow.uexp" 960
"../../../Engine/Content/EngineMaterials/DefaultPhysicalMaterial.uasset" 961
"../../../Engine/Content/EngineMaterials/DefaultPhysicalMaterial.uexp" 962
"D:/Babys2ndAnnihilation/BitWindy/Content/BPI_Damage.uasset" 963
"D:/Babys2ndAnnihilation/BitWindy/Content/BPI_Damage.uexp" 964
"D:/Babys2ndAnnihilation/BitWindy/Content/3D_Assets/Tower.ubulk" 965
"D:/Babys2ndAnnihilation/BitWindy/Content/3D_Assets/Tower.uasset" 966
"D:/Babys2ndAnnihilation/BitWindy/Content/3D_Assets/Tower.uexp" 967
"D:/Babys2ndAnnihilation/BitWindy/Content/3D_Assets/Dome.ubulk" 968
"D:/Babys2ndAnnihilation/BitWindy/Content/3D_Assets/Dome.uasset" 969
"D:/Babys2ndAnnihilation/BitWindy/Content/3D_Assets/Dome.uexp" 970
"D:/Babys2ndAnnihilation/BitWindy/Content/3D_Assets/Cutout_from_tower.ubulk" 971
"D:/Babys2ndAnnihilation/BitWindy/Content/3D_Assets/Cutout_from_tower.uasset" 972
"D:/Babys2ndAnnihilation/BitWindy/Content/3D_Assets/Cutout_from_tower.uexp" 973
"D:/Babys2ndAnnihilation/BitWindy/Content/3D_Assets/Cutout_from_dome.ubulk" 974
"D:/Babys2ndAnnihilation/BitWindy/Content/3D_Assets/Cutout_from_dome.uasset" 975
"D:/Babys2ndAnnihilation/BitWindy/Content/3D_Assets/Cutout_from_dome.uexp" 976
"D:/Babys2ndAnnihilation/BitWindy/Content/Data/ETower.uasset" 977
"D:/Babys2ndAnnihilation/BitWindy/Content/Data/ETower.uexp" 978
"D:/Babys2ndAnnihilation/BitWindy/Content/Data/BPI_GetHealth.uasset" 979
"D:/Babys2ndAnnihilation/BitWindy/Content/Data/BPI_GetHealth.uexp" 980
"D:/Babys2ndAnnihilation/BitWindy/Content/3D_Assets/Characters/Enemy/SK_Char_Enemy_Skeleton.uasset" 981
"D:/Babys2ndAnnihilation/BitWindy/Content/3D_Assets/Characters/Enemy/SK_Char_Enemy_Skeleton.uexp" 982
"../../../Engine/Plugins/Animation/ACLPlugin/Content/ACLAnimCurveCompressionSettings.uasset" 983
"../../../Engine/Plugins/Animation/ACLPlugin/Content/ACLAnimCurveCompressionSettings.uexp" 984
"../../../Engine/Plugins/Animation/ACLPlugin/Content/ACLAnimBoneCompressionSettings.uasset" 985
"../../../Engine/Plugins/Animation/ACLPlugin/Content/ACLAnimBoneCompressionSettings.uexp" 986
"../../../Engine/Content/Animation/DefaultVariableFrameStrippingSettings.uasset" 987
"../../../Engine/Content/Animation/DefaultVariableFrameStrippingSettings.uexp" 988
"D:/Babys2ndAnnihilation/BitWindy/Content/Audio/Attenuations/SA_DLG_Enemy.uasset" 989
"D:/Babys2ndAnnihilation/BitWindy/Content/Audio/Attenuations/SA_DLG_Enemy.uexp" 990
"D:/Babys2ndAnnihilation/BitWindy/Content/Audio/Mix/AudioBus/AB_SFX_DLG_Ducker.uasset" 991
"D:/Babys2ndAnnihilation/BitWindy/Content/Audio/Mix/AudioBus/AB_SFX_DLG_Ducker.uexp" 992
"D:/Babys2ndAnnihilation/BitWindy/Content/Audio/Mix/SubMix/SME_SIdechain_SFX_DLG.uasset" 993
"D:/Babys2ndAnnihilation/BitWindy/Content/Audio/Mix/SubMix/SME_SIdechain_SFX_DLG.uexp" 994
"D:/Babys2ndAnnihilation/BitWindy/Content/Audio/Mix/AudioBus/AB_SFX_UI_Ducker.uasset" 995
"D:/Babys2ndAnnihilation/BitWindy/Content/Audio/Mix/AudioBus/AB_SFX_UI_Ducker.uexp" 996
"D:/Babys2ndAnnihilation/BitWindy/Content/Audio/Mix/SubMix/SME_SIdechain_UI.uasset" 997
"D:/Babys2ndAnnihilation/BitWindy/Content/Audio/Mix/SubMix/SME_SIdechain_UI.uexp" 998
"D:/Babys2ndAnnihilation/BitWindy/Content/Audio/Mix/AudioBus/AB_SFX_Cannon_Ducker.uasset" 999
"D:/Babys2ndAnnihilation/BitWindy/Content/Audio/Mix/AudioBus/AB_SFX_Cannon_Ducker.uexp" 1000
"D:/Babys2ndAnnihilation/BitWindy/Content/Audio/Mix/SubMix/SME_SIdechain_SFX_Cannon.uasset" 1001
"D:/Babys2ndAnnihilation/BitWindy/Content/Audio/Mix/SubMix/SME_SIdechain_SFX_Cannon.uexp" 1002
"D:/Babys2ndAnnihilation/BitWindy/Content/Audio/Mix/AudioBus/AB_SFX_Tower_Ducker.uasset" 1003
"D:/Babys2ndAnnihilation/BitWindy/Content/Audio/Mix/AudioBus/AB_SFX_Tower_Ducker.uexp" 1004
"D:/Babys2ndAnnihilation/BitWindy/Content/Audio/Mix/SubMix/SME_Sidechain_SFX_Tower.uasset" 1005
"D:/Babys2ndAnnihilation/BitWindy/Content/Audio/Mix/SubMix/SME_Sidechain_SFX_Tower.uexp" 1006
"D:/Babys2ndAnnihilation/BitWindy/Content/Audio/Mix/SubMix/SS_SFX_UI_Timer.uasset" 1007
"D:/Babys2ndAnnihilation/BitWindy/Content/Audio/Mix/SubMix/SS_SFX_UI_Timer.uexp" 1008
"D:/Babys2ndAnnihilation/BitWindy/Content/Audio/Mix/SubMix/SS_SFX_UI_Menu.uasset" 1009
"D:/Babys2ndAnnihilation/BitWindy/Content/Audio/Mix/SubMix/SS_SFX_UI_Menu.uexp" 1010
"D:/Babys2ndAnnihilation/BitWindy/Content/Audio/Mix/SubMix/SS_SFX_UI.uasset" 1011
"D:/Babys2ndAnnihilation/BitWindy/Content/Audio/Mix/SubMix/SS_SFX_UI.uexp" 1012
"D:/Babys2ndAnnihilation/BitWindy/Content/Audio/Mix/SubMix/SS_SFX_Tower.uasset" 1013
"D:/Babys2ndAnnihilation/BitWindy/Content/Audio/Mix/SubMix/SS_SFX_Tower.uexp" 1014
"D:/Babys2ndAnnihilation/BitWindy/Content/Audio/Mix/SubMix/SS_SFX_Snowball.uasset" 1015
"D:/Babys2ndAnnihilation/BitWindy/Content/Audio/Mix/SubMix/SS_SFX_Snowball.uexp" 1016
"D:/Babys2ndAnnihilation/BitWindy/Content/Audio/Mix/SubMix/SS_SFX_DLG_Announcer.uasset" 1017
"D:/Babys2ndAnnihilation/BitWindy/Content/Audio/Mix/SubMix/SS_SFX_DLG_Announcer.uexp" 1018
"D:/Babys2ndAnnihilation/BitWindy/Content/Audio/Mix/SubMix/SS_SFX_Cannon.uasset" 1019
"D:/Babys2ndAnnihilation/BitWindy/Content/Audio/Mix/SubMix/SS_SFX_Cannon.uexp" 1020
"D:/Babys2ndAnnihilation/BitWindy/Content/Audio/Mix/SubMix/SS_SFX.uasset" 1021
"D:/Babys2ndAnnihilation/BitWindy/Content/Audio/Mix/SubMix/SS_SFX.uexp" 1022
"D:/Babys2ndAnnihilation/BitWindy/Content/Audio/Mix/SubMix/SS_Music.uasset" 1023
"D:/Babys2ndAnnihilation/BitWindy/Content/Audio/Mix/SubMix/SS_Music.uexp" 1024
"D:/Babys2ndAnnihilation/BitWindy/Content/Audio/Mix/SubMix/SS_FOL_Player.uasset" 1025
"D:/Babys2ndAnnihilation/BitWindy/Content/Audio/Mix/SubMix/SS_FOL_Player.uexp" 1026
"D:/Babys2ndAnnihilation/BitWindy/Content/Audio/Mix/SubMix/SS_Foley.uasset" 1027
"D:/Babys2ndAnnihilation/BitWindy/Content/Audio/Mix/SubMix/SS_Foley.uexp" 1028
"D:/Babys2ndAnnihilation/BitWindy/Content/Audio/Mix/SubMix/SS_Ambience.uasset" 1029
"D:/Babys2ndAnnihilation/BitWindy/Content/Audio/Mix/SubMix/SS_Ambience.uexp" 1030
"D:/Babys2ndAnnihilation/BitWindy/Content/Audio/Mix/SubMix/SS_FinalMix.uasset" 1031
"D:/Babys2ndAnnihilation/BitWindy/Content/Audio/Mix/SubMix/SS_FinalMix.uexp" 1032
"D:/Babys2ndAnnihilation/BitWindy/Content/Audio/Mix/SubMix/SS_DIalogue.uasset" 1033
"D:/Babys2ndAnnihilation/BitWindy/Content/Audio/Mix/SubMix/SS_DIalogue.uexp" 1034
"D:/Babys2ndAnnihilation/BitWindy/Content/Audio/Mix/SubMix/SS_DLG_Player.uasset" 1035
"D:/Babys2ndAnnihilation/BitWindy/Content/Audio/Mix/SubMix/SS_DLG_Player.uexp" 1036
"D:/Babys2ndAnnihilation/BitWindy/Content/Audio/Metasounds/Patches/MSP_RandomWavePlayer_Stereo.uasset" 1037
"D:/Babys2ndAnnihilation/BitWindy/Content/Audio/Metasounds/Patches/MSP_RandomWavePlayer_Stereo.uexp" 1038
"D:/Babys2ndAnnihilation/BitWindy/Content/Audio/SoundFiles/Dialogue/NPC/BFA_DLG_NPC_Defeated_01.ubulk" 1039
"D:/Babys2ndAnnihilation/BitWindy/Content/Audio/SoundFiles/Dialogue/NPC/BFA_DLG_NPC_Defeated_01.uasset" 1040
"D:/Babys2ndAnnihilation/BitWindy/Content/Audio/SoundFiles/Dialogue/NPC/BFA_DLG_NPC_Defeated_01.uexp" 1041
"D:/Babys2ndAnnihilation/BitWindy/Content/Audio/SoundFiles/Dialogue/NPC/BFA_DLG_NPC_Defeated_02.ubulk" 1042
"D:/Babys2ndAnnihilation/BitWindy/Content/Audio/SoundFiles/Dialogue/NPC/BFA_DLG_NPC_Defeated_02.uasset" 1043
"D:/Babys2ndAnnihilation/BitWindy/Content/Audio/SoundFiles/Dialogue/NPC/BFA_DLG_NPC_Defeated_02.uexp" 1044
"D:/Babys2ndAnnihilation/BitWindy/Content/Audio/SoundFiles/Dialogue/NPC/BFA_DLG_NPC_Defeated_03.ubulk" 1045
"D:/Babys2ndAnnihilation/BitWindy/Content/Audio/SoundFiles/Dialogue/NPC/BFA_DLG_NPC_Defeated_03.uasset" 1046
"D:/Babys2ndAnnihilation/BitWindy/Content/Audio/SoundFiles/Dialogue/NPC/BFA_DLG_NPC_Defeated_03.uexp" 1047
"D:/Babys2ndAnnihilation/BitWindy/Content/Audio/Metasounds/Sources/MS_DLG_PLY_Player_Exclamations_Defeated.uasset" 1048
"D:/Babys2ndAnnihilation/BitWindy/Content/Audio/Metasounds/Sources/MS_DLG_PLY_Player_Exclamations_Defeated.uexp" 1049
"D:/Babys2ndAnnihilation/BitWindy/Content/3D_Assets/Characters/Enemy/AS_Char_Enemy_Upset.uasset" 1050
"D:/Babys2ndAnnihilation/BitWindy/Content/3D_Assets/Characters/Enemy/AS_Char_Enemy_Upset.uexp" 1051
"D:/Babys2ndAnnihilation/BitWindy/Content/3D_Assets/Characters/Enemy/AM_Char_Enemy_Upset.uasset" 1052
"D:/Babys2ndAnnihilation/BitWindy/Content/3D_Assets/Characters/Enemy/AM_Char_Enemy_Upset.uexp" 1053
"D:/Babys2ndAnnihilation/BitWindy/Content/2DAssets/Materials/M_Widget3DPassThrough_Master.uasset" 1054
"D:/Babys2ndAnnihilation/BitWindy/Content/2DAssets/Materials/M_Widget3DPassThrough_Master.uexp" 1055
"D:/Babys2ndAnnihilation/BitWindy/Content/2DAssets/Materials/M_Widget3DPassThrough_Opaque_Master.uasset" 1056
"D:/Babys2ndAnnihilation/BitWindy/Content/2DAssets/Materials/M_Widget3DPassThrough_Opaque_Master.uexp" 1057
"D:/Babys2ndAnnihilation/BitWindy/Content/2DAssets/Materials/M_Widget3DPassThrough_Masked_OneSided_Master.uasset" 1058
"D:/Babys2ndAnnihilation/BitWindy/Content/2DAssets/Materials/M_Widget3DPassThrough_Masked_OneSided_Master.uexp" 1059
"../../../Engine/Content/BasicShapes/Sphere.ubulk" 1060
"../../../Engine/Content/BasicShapes/Sphere.uasset" 1061
"../../../Engine/Content/BasicShapes/Sphere.uexp" 1062
"../../../Engine/Content/BasicShapes/BasicShapeMaterial.uasset" 1063
"../../../Engine/Content/BasicShapes/BasicShapeMaterial.uexp" 1064
"D:/Babys2ndAnnihilation/BitWindy/Content/Input/Actions/IA_Jump.uasset" 1065
"D:/Babys2ndAnnihilation/BitWindy/Content/Input/Actions/IA_Jump.uexp" 1066
"D:/Babys2ndAnnihilation/BitWindy/Content/Variant_Shooter/Input/Actions/IA_Shoot.uasset" 1067
"D:/Babys2ndAnnihilation/BitWindy/Content/Variant_Shooter/Input/Actions/IA_Shoot.uexp" 1068
"D:/Babys2ndAnnihilation/BitWindy/Content/Variant_Shooter/Input/Actions/IA_SwapWeapon.uasset" 1069
"D:/Babys2ndAnnihilation/BitWindy/Content/Variant_Shooter/Input/Actions/IA_SwapWeapon.uexp" 1070
"D:/Babys2ndAnnihilation/BitWindy/Content/Variant_Shooter/Input/IA_Sprint.uasset" 1071
"D:/Babys2ndAnnihilation/BitWindy/Content/Variant_Shooter/Input/IA_Sprint.uexp" 1072
"D:/Babys2ndAnnihilation/BitWindy/Content/Variant_Shooter/Input/IMC_Weapons.uasset" 1073
"D:/Babys2ndAnnihilation/BitWindy/Content/Variant_Shooter/Input/IMC_Weapons.uexp" 1074
"D:/Babys2ndAnnihilation/BitWindy/Content/Data/F_DifficultySettings.uasset" 1075
"D:/Babys2ndAnnihilation/BitWindy/Content/Data/F_DifficultySettings.uexp" 1076
"D:/Babys2ndAnnihilation/BitWindy/Content/Blueprints/GameArchitecture/BPI_TowerDefenceGameState.uasset" 1077
"D:/Babys2ndAnnihilation/BitWindy/Content/Blueprints/GameArchitecture/BPI_TowerDefenceGameState.uexp" 1078
"D:/Babys2ndAnnihilation/BitWindy/Content/Blueprints/GameArchitecture/BP_TowerDefense_GameState.uasset" 1079
"D:/Babys2ndAnnihilation/BitWindy/Content/Blueprints/GameArchitecture/BP_TowerDefense_GameState.uexp" 1080
"../../../Engine/Content/Functions/Engine_MaterialFunctions02/Texturing/CustomRotator.uasset" 1081
"../../../Engine/Content/Functions/Engine_MaterialFunctions02/Texturing/CustomRotator.uexp" 1082
"../../../Engine/Content/Functions/Engine_MaterialFunctions01/Density/ExponentialDensity.uasset" 1083
"../../../Engine/Content/Functions/Engine_MaterialFunctions01/Density/ExponentialDensity.uexp" 1084
"../../../Engine/Content/Functions/Engine_MaterialFunctions01/Gradient/RadialGradientExponential.uasset" 1085
"../../../Engine/Content/Functions/Engine_MaterialFunctions01/Gradient/RadialGradientExponential.uexp" 1086
"../../../Engine/Content/Functions/Engine_MaterialFunctions02/Utility/VectorToRadialValue.uasset" 1087
"../../../Engine/Content/Functions/Engine_MaterialFunctions02/Utility/VectorToRadialValue.uexp" 1088
"D:/Babys2ndAnnihilation/BitWindy/Content/UI/Materials/M_RadialProgressBarl.uasset" 1089
"D:/Babys2ndAnnihilation/BitWindy/Content/UI/Materials/M_RadialProgressBarl.uexp" 1090
"D:/Babys2ndAnnihilation/BitWindy/Content/UI/Materials/MI_RadialProgressBarl_Inst.uasset" 1091
"D:/Babys2ndAnnihilation/BitWindy/Content/UI/Materials/MI_RadialProgressBarl_Inst.uexp" 1092
"D:/Babys2ndAnnihilation/BitWindy/Content/UI/Widgets/WB_RadialProgressBar.uasset" 1093
"D:/Babys2ndAnnihilation/BitWindy/Content/UI/Widgets/WB_RadialProgressBar.uexp" 1094
"D:/Babys2ndAnnihilation/BitWindy/Content/UI/Widgets/WB_Multiplayer_PlayerID.uasset" 1095
"D:/Babys2ndAnnihilation/BitWindy/Content/UI/Widgets/WB_Multiplayer_PlayerID.uexp" 1096
"D:/Babys2ndAnnihilation/BitWindy/Content/UI/Widgets/WB_Multiplayer_FriendID.uasset" 1097
"D:/Babys2ndAnnihilation/BitWindy/Content/UI/Widgets/WB_Multiplayer_FriendID.uexp" 1098
"D:/Babys2ndAnnihilation/BitWindy/Content/UI/Widgets/WB_Multiplayer_FriendsList.uasset" 1099
"D:/Babys2ndAnnihilation/BitWindy/Content/UI/Widgets/WB_Multiplayer_FriendsList.uexp" 1100
"D:/Babys2ndAnnihilation/BitWindy/Content/Audio/SoundFiles/SFX/UI/Timer/BFA_SFX_RoundEnd_SchoolBell.ubulk" 1101
"D:/Babys2ndAnnihilation/BitWindy/Content/Audio/SoundFiles/SFX/UI/Timer/BFA_SFX_RoundEnd_SchoolBell.uasset" 1102
"D:/Babys2ndAnnihilation/BitWindy/Content/Audio/SoundFiles/SFX/UI/Timer/BFA_SFX_RoundEnd_SchoolBell.uexp" 1103
"D:/Babys2ndAnnihilation/BitWindy/Content/Audio/SoundFiles/SFX/UI/Timer/BFA_SFX_UI_Timer_01.ubulk" 1104
"D:/Babys2ndAnnihilation/BitWindy/Content/Audio/SoundFiles/SFX/UI/Timer/BFA_SFX_UI_Timer_01.uasset" 1105
"D:/Babys2ndAnnihilation/BitWindy/Content/Audio/SoundFiles/SFX/UI/Timer/BFA_SFX_UI_Timer_01.uexp" 1106
"D:/Babys2ndAnnihilation/BitWindy/Content/Audio/SoundFiles/SFX/UI/Timer/BFA_SFX_UI_Timer_02.ubulk" 1107
"D:/Babys2ndAnnihilation/BitWindy/Content/Audio/SoundFiles/SFX/UI/Timer/BFA_SFX_UI_Timer_02.uasset" 1108
"D:/Babys2ndAnnihilation/BitWindy/Content/Audio/SoundFiles/SFX/UI/Timer/BFA_SFX_UI_Timer_02.uexp" 1109
"D:/Babys2ndAnnihilation/BitWindy/Content/Audio/SoundFiles/SFX/UI/Timer/BFA_SFX_UI_Timer_03.ubulk" 1110
"D:/Babys2ndAnnihilation/BitWindy/Content/Audio/SoundFiles/SFX/UI/Timer/BFA_SFX_UI_Timer_03.uasset" 1111
"D:/Babys2ndAnnihilation/BitWindy/Content/Audio/SoundFiles/SFX/UI/Timer/BFA_SFX_UI_Timer_03.uexp" 1112
"D:/Babys2ndAnnihilation/BitWindy/Content/Audio/SoundFiles/SFX/UI/Timer/BFA_SFX_UI_Timer_GO.ubulk" 1113
"D:/Babys2ndAnnihilation/BitWindy/Content/Audio/SoundFiles/SFX/UI/Timer/BFA_SFX_UI_Timer_GO.uasset" 1114
"D:/Babys2ndAnnihilation/BitWindy/Content/Audio/SoundFiles/SFX/UI/Timer/BFA_SFX_UI_Timer_GO.uexp" 1115
"D:/Babys2ndAnnihilation/BitWindy/Content/Audio/Metasounds/Sources/MS_SFX_UI_Timer.uasset" 1116
"D:/Babys2ndAnnihilation/BitWindy/Content/Audio/Metasounds/Sources/MS_SFX_UI_Timer.uexp" 1117
"D:/Babys2ndAnnihilation/BitWindy/Content/sA_PickupSet_1/Materials/Textures/T_Shield_1.ubulk" 1118
"D:/Babys2ndAnnihilation/BitWindy/Content/sA_PickupSet_1/Materials/Textures/T_Shield_1.uasset" 1119
"D:/Babys2ndAnnihilation/BitWindy/Content/sA_PickupSet_1/Materials/Textures/T_Shield_1.uexp" 1120
"D:/Babys2ndAnnihilation/BitWindy/Content/UI/Widgets/WB_HUD.uasset" 1121
"D:/Babys2ndAnnihilation/BitWindy/Content/UI/Widgets/WB_HUD.uexp" 1122
"D:/Babys2ndAnnihilation/BitWindy/Content/Blueprints/BP_Round.uasset" 1123
"D:/Babys2ndAnnihilation/BitWindy/Content/Blueprints/BP_Round.uexp" 1124
"D:/Babys2ndAnnihilation/BitWindy/Content/Variant_Shooter/Blueprints/BPI_Shooter.uasset" 1125
"D:/Babys2ndAnnihilation/BitWindy/Content/Variant_Shooter/Blueprints/BPI_Shooter.uexp" 1126
"D:/Babys2ndAnnihilation/BitWindy/Content/Blueprints/GameArchitecture/BP_RoundManager.uasset" 1127
"D:/Babys2ndAnnihilation/BitWindy/Content/Blueprints/GameArchitecture/BP_RoundManager.uexp" 1128
"../../../Engine/Content/BasicShapes/Cylinder.ubulk" 1129
"../../../Engine/Content/BasicShapes/Cylinder.uasset" 1130
"../../../Engine/Content/BasicShapes/Cylinder.uexp" 1131
"D:/Babys2ndAnnihilation/BitWindy/Content/Blueprints/BP_PlayerSlot.uasset" 1132
"D:/Babys2ndAnnihilation/BitWindy/Content/Blueprints/BP_PlayerSlot.uexp" 1133
"D:/Babys2ndAnnihilation/BitWindy/Content/Blueprints/S_PlayerInfo.uasset" 1134
"D:/Babys2ndAnnihilation/BitWindy/Content/Blueprints/S_PlayerInfo.uexp" 1135
"D:/Babys2ndAnnihilation/BitWindy/Content/Blueprints/BP_LobbyPawn.uasset" 1136
"D:/Babys2ndAnnihilation/BitWindy/Content/Blueprints/BP_LobbyPawn.uexp" 1137
"D:/Babys2ndAnnihilation/BitWindy/Content/Blueprints/GameArchitecture/BP_LobbyGameMode.uasset" 1138
"D:/Babys2ndAnnihilation/BitWindy/Content/Blueprints/GameArchitecture/BP_LobbyGameMode.uexp" 1139
"D:/Babys2ndAnnihilation/BitWindy/Content/Blueprints/BP_LobbyController.uasset" 1140
"D:/Babys2ndAnnihilation/BitWindy/Content/Blueprints/BP_LobbyController.uexp" 1141
"D:/Babys2ndAnnihilation/BitWindy/Content/Blueprints/GameArchitecture/Settings/BP_GameSettings.uasset" 1142
"D:/Babys2ndAnnihilation/BitWindy/Content/Blueprints/GameArchitecture/Settings/BP_GameSettings.uexp" 1143
"D:/Babys2ndAnnihilation/BitWindy/Content/Blueprints/GameArchitecture/BPI_TowerDefenseInst.uasset" 1144
"D:/Babys2ndAnnihilation/BitWindy/Content/Blueprints/GameArchitecture/BPI_TowerDefenseInst.uexp" 1145
"D:/Babys2ndAnnihilation/BitWindy/Content/Blueprints/GameArchitecture/Settings/BP_GameSettings_Medium.uasset" 1146
"D:/Babys2ndAnnihilation/BitWindy/Content/Blueprints/GameArchitecture/Settings/BP_GameSettings_Medium.uexp" 1147
"D:/Babys2ndAnnihilation/BitWindy/Content/Audio/SoundFiles/SFX/UI/BFA_SFX_UI_Select.ubulk" 1148
"D:/Babys2ndAnnihilation/BitWindy/Content/Audio/SoundFiles/SFX/UI/BFA_SFX_UI_Select.uasset" 1149
"D:/Babys2ndAnnihilation/BitWindy/Content/Audio/SoundFiles/SFX/UI/BFA_SFX_UI_Select.uexp" 1150
"D:/Babys2ndAnnihilation/BitWindy/Content/Audio/Metasounds/Sources/MS_SFX_UI_MainMenu.uasset" 1151
"D:/Babys2ndAnnihilation/BitWindy/Content/Audio/Metasounds/Sources/MS_SFX_UI_MainMenu.uexp" 1152
"D:/Babys2ndAnnihilation/BitWindy/Content/BitWindy/Multiplayer/BP_AdvGameInstance.uasset" 1153
"D:/Babys2ndAnnihilation/BitWindy/Content/BitWindy/Multiplayer/BP_AdvGameInstance.uexp" 1154
"D:/Babys2ndAnnihilation/BitWindy/Content/UI/Widgets/WB_LobbyScreen.uasset" 1155
"D:/Babys2ndAnnihilation/BitWindy/Content/UI/Widgets/WB_LobbyScreen.uexp" 1156
"D:/Babys2ndAnnihilation/BitWindy/Content/Variant_Shooter/UI/M_BulletCounter.uasset" 1157
"D:/Babys2ndAnnihilation/BitWindy/Content/Variant_Shooter/UI/M_BulletCounter.uexp" 1158
"D:/Babys2ndAnnihilation/BitWindy/Content/Variant_Shooter/UI/UI_ShooterBulletCounter.uasset" 1159
"D:/Babys2ndAnnihilation/BitWindy/Content/Variant_Shooter/UI/UI_ShooterBulletCounter.uexp" 1160
"D:/Babys2ndAnnihilation/BitWindy/Content/Input/Actions/IA_MouseLook.uasset" 1161
"D:/Babys2ndAnnihilation/BitWindy/Content/Input/Actions/IA_MouseLook.uexp" 1162
"D:/Babys2ndAnnihilation/BitWindy/Content/Input/Actions/IA_Look.uasset" 1163
"D:/Babys2ndAnnihilation/BitWindy/Content/Input/Actions/IA_Look.uexp" 1164
"D:/Babys2ndAnnihilation/BitWindy/Content/Input/Actions/IA_Move.uasset" 1165
"D:/Babys2ndAnnihilation/BitWindy/Content/Input/Actions/IA_Move.uexp" 1166
"D:/Babys2ndAnnihilation/BitWindy/Content/Input/Touch/BPI_TouchInterface.uasset" 1167
"D:/Babys2ndAnnihilation/BitWindy/Content/Input/Touch/BPI_TouchInterface.uexp" 1168
"D:/Babys2ndAnnihilation/BitWindy/Content/Characters/Mannequins/Meshes/SK_Mannequin.uasset" 1169
"D:/Babys2ndAnnihilation/BitWindy/Content/Characters/Mannequins/Meshes/SK_Mannequin.uexp" 1170
"D:/Babys2ndAnnihilation/BitWindy/Content/Characters/Mannequins/Rigs/PA_Mannequin.uasset" 1171
"D:/Babys2ndAnnihilation/BitWindy/Content/Characters/Mannequins/Rigs/PA_Mannequin.uexp" 1172
"D:/Babys2ndAnnihilation/BitWindy/Content/Characters/Mannequins/Textures/Manny/T_Manny_01_BN.ubulk" 1173
"D:/Babys2ndAnnihilation/BitWindy/Content/Characters/Mannequins/Textures/Manny/T_Manny_01_BN.uasset" 1174
"D:/Babys2ndAnnihilation/BitWindy/Content/Characters/Mannequins/Textures/Manny/T_Manny_01_BN.uexp" 1175
"D:/Babys2ndAnnihilation/BitWindy/Content/Characters/Mannequins/Textures/Manny/T_Manny_01_D.ubulk" 1176
"D:/Babys2ndAnnihilation/BitWindy/Content/Characters/Mannequins/Textures/Manny/T_Manny_01_D.uasset" 1177
"D:/Babys2ndAnnihilation/BitWindy/Content/Characters/Mannequins/Textures/Manny/T_Manny_01_D.uexp" 1178
"D:/Babys2ndAnnihilation/BitWindy/Content/Characters/Mannequins/Textures/Manny/T_Manny_01_MRA.ubulk" 1179
"D:/Babys2ndAnnihilation/BitWindy/Content/Characters/Mannequins/Textures/Manny/T_Manny_01_MRA.uasset" 1180
"D:/Babys2ndAnnihilation/BitWindy/Content/Characters/Mannequins/Textures/Manny/T_Manny_01_MRA.uexp" 1181
"D:/Babys2ndAnnihilation/BitWindy/Content/Characters/Mannequins/Textures/Shared/T_UE_Logo_M.uasset" 1182
"D:/Babys2ndAnnihilation/BitWindy/Content/Characters/Mannequins/Textures/Shared/T_UE_Logo_M.uexp" 1183
"D:/Babys2ndAnnihilation/BitWindy/Content/Characters/Mannequins/Materials/M_Mannequin.uasset" 1184
"D:/Babys2ndAnnihilation/BitWindy/Content/Characters/Mannequins/Materials/M_Mannequin.uexp" 1185
"D:/Babys2ndAnnihilation/BitWindy/Content/Characters/Mannequins/Materials/Manny/MI_Manny_01_New.uasset" 1186
"D:/Babys2ndAnnihilation/BitWindy/Content/Characters/Mannequins/Materials/Manny/MI_Manny_01_New.uexp" 1187
"D:/Babys2ndAnnihilation/BitWindy/Content/Characters/Mannequins/Textures/Manny/T_Manny_02_MRA.ubulk" 1188
"D:/Babys2ndAnnihilation/BitWindy/Content/Characters/Mannequins/Textures/Manny/T_Manny_02_MRA.uasset" 1189
"D:/Babys2ndAnnihilation/BitWindy/Content/Characters/Mannequins/Textures/Manny/T_Manny_02_MRA.uexp" 1190
"D:/Babys2ndAnnihilation/BitWindy/Content/Characters/Mannequins/Textures/Manny/T_Manny_02_D.ubulk" 1191
"D:/Babys2ndAnnihilation/BitWindy/Content/Characters/Mannequins/Textures/Manny/T_Manny_02_D.uasset" 1192
"D:/Babys2ndAnnihilation/BitWindy/Content/Characters/Mannequins/Textures/Manny/T_Manny_02_D.uexp" 1193
"D:/Babys2ndAnnihilation/BitWindy/Content/Characters/Mannequins/Textures/Manny/T_Manny_02_BN.ubulk" 1194
"D:/Babys2ndAnnihilation/BitWindy/Content/Characters/Mannequins/Textures/Manny/T_Manny_02_BN.uasset" 1195
"D:/Babys2ndAnnihilation/BitWindy/Content/Characters/Mannequins/Textures/Manny/T_Manny_02_BN.uexp" 1196
"D:/Babys2ndAnnihilation/BitWindy/Content/Characters/Mannequins/Materials/Manny/MI_Manny_02_New.uasset" 1197
"D:/Babys2ndAnnihilation/BitWindy/Content/Characters/Mannequins/Materials/Manny/MI_Manny_02_New.uexp" 1198
"D:/Babys2ndAnnihilation/BitWindy/Content/Characters/Mannequins/Meshes/SKM_Manny_Simple.uasset" 1199
"D:/Babys2ndAnnihilation/BitWindy/Content/Characters/Mannequins/Meshes/SKM_Manny_Simple.uexp" 1200
"D:/Babys2ndAnnihilation/BitWindy/Content/Input/Touch/UI_Thumbstick.uasset" 1201
"D:/Babys2ndAnnihilation/BitWindy/Content/Input/Touch/UI_Thumbstick.uexp" 1202
"D:/Babys2ndAnnihilation/BitWindy/Content/Input/Touch/UI_TouchSimple.uasset" 1203
"D:/Babys2ndAnnihilation/BitWindy/Content/Input/Touch/UI_TouchSimple.uexp" 1204
"../../../Engine/Content/Animation/DefaultAnimCurveCompressionSettings.uasset" 1205
"../../../Engine/Content/Animation/DefaultAnimCurveCompressionSettings.uexp" 1206
"../../../Engine/Content/Animation/DefaultAnimBoneCompressionSettings.uasset" 1207
"../../../Engine/Content/Animation/DefaultAnimBoneCompressionSettings.uexp" 1208
"D:/Babys2ndAnnihilation/BitWindy/Content/Characters/Mannequins/Anims/Unarmed/MM_Idle.uasset" 1209
"D:/Babys2ndAnnihilation/BitWindy/Content/Characters/Mannequins/Anims/Unarmed/MM_Idle.uexp" 1210
"D:/Babys2ndAnnihilation/BitWindy/Content/Characters/Mannequins/Anims/Unarmed/Jog/MF_Unarmed_Jog_Bwd.uasset" 1211
"D:/Babys2ndAnnihilation/BitWindy/Content/Characters/Mannequins/Anims/Unarmed/Jog/MF_Unarmed_Jog_Bwd.uexp" 1212
"../../../Engine/Content/Animation/DefaultRecorderBoneCompression.uasset" 1213
"../../../Engine/Content/Animation/DefaultRecorderBoneCompression.uexp" 1214
"D:/Babys2ndAnnihilation/BitWindy/Content/Characters/Mannequins/Anims/Unarmed/Jog/MF_Unarmed_Jog_Bwd_Left.uasset" 1215
"D:/Babys2ndAnnihilation/BitWindy/Content/Characters/Mannequins/Anims/Unarmed/Jog/MF_Unarmed_Jog_Bwd_Left.uexp" 1216
"D:/Babys2ndAnnihilation/BitWindy/Content/Characters/Mannequins/Anims/Unarmed/Jog/MF_Unarmed_Jog_Bwd_Right.uasset" 1217
"D:/Babys2ndAnnihilation/BitWindy/Content/Characters/Mannequins/Anims/Unarmed/Jog/MF_Unarmed_Jog_Bwd_Right.uexp" 1218
"D:/Babys2ndAnnihilation/BitWindy/Content/Characters/Mannequins/Anims/Unarmed/Jog/MF_Unarmed_Jog_Fwd.uasset" 1219
"D:/Babys2ndAnnihilation/BitWindy/Content/Characters/Mannequins/Anims/Unarmed/Jog/MF_Unarmed_Jog_Fwd.uexp" 1220
"D:/Babys2ndAnnihilation/BitWindy/Content/Characters/Mannequins/Anims/Unarmed/Jog/MF_Unarmed_Jog_Fwd_Left.uasset" 1221
"D:/Babys2ndAnnihilation/BitWindy/Content/Characters/Mannequins/Anims/Unarmed/Jog/MF_Unarmed_Jog_Fwd_Left.uexp" 1222
"D:/Babys2ndAnnihilation/BitWindy/Content/Characters/Mannequins/Anims/Unarmed/Jog/MF_Unarmed_Jog_Fwd_Right.uasset" 1223
"D:/Babys2ndAnnihilation/BitWindy/Content/Characters/Mannequins/Anims/Unarmed/Jog/MF_Unarmed_Jog_Fwd_Right.uexp" 1224
"D:/Babys2ndAnnihilation/BitWindy/Content/Characters/Mannequins/Anims/Unarmed/Jog/MF_Unarmed_Jog_Left.uasset" 1225
"D:/Babys2ndAnnihilation/BitWindy/Content/Characters/Mannequins/Anims/Unarmed/Jog/MF_Unarmed_Jog_Left.uexp" 1226
"D:/Babys2ndAnnihilation/BitWindy/Content/Characters/Mannequins/Anims/Unarmed/Jog/MF_Unarmed_Jog_Right.uasset" 1227
"D:/Babys2ndAnnihilation/BitWindy/Content/Characters/Mannequins/Anims/Unarmed/Jog/MF_Unarmed_Jog_Right.uexp" 1228
"D:/Babys2ndAnnihilation/BitWindy/Content/Characters/Mannequins/Anims/Unarmed/Walk/MF_Unarmed_Walk_Bwd.uasset" 1229
"D:/Babys2ndAnnihilation/BitWindy/Content/Characters/Mannequins/Anims/Unarmed/Walk/MF_Unarmed_Walk_Bwd.uexp" 1230
"D:/Babys2ndAnnihilation/BitWindy/Content/Characters/Mannequins/Anims/Unarmed/Walk/MF_Unarmed_Walk_Bwd_Left.uasset" 1231
"D:/Babys2ndAnnihilation/BitWindy/Content/Characters/Mannequins/Anims/Unarmed/Walk/MF_Unarmed_Walk_Bwd_Left.uexp" 1232
"D:/Babys2ndAnnihilation/BitWindy/Content/Characters/Mannequins/Anims/Unarmed/Walk/MF_Unarmed_Walk_Bwd_Right.uasset" 1233
"D:/Babys2ndAnnihilation/BitWindy/Content/Characters/Mannequins/Anims/Unarmed/Walk/MF_Unarmed_Walk_Bwd_Right.uexp" 1234
"D:/Babys2ndAnnihilation/BitWindy/Content/Characters/Mannequins/Anims/Unarmed/Walk/MF_Unarmed_Walk_Fwd.uasset" 1235
"D:/Babys2ndAnnihilation/BitWindy/Content/Characters/Mannequins/Anims/Unarmed/Walk/MF_Unarmed_Walk_Fwd.uexp" 1236
"D:/Babys2ndAnnihilation/BitWindy/Content/Characters/Mannequins/Anims/Unarmed/Walk/MF_Unarmed_Walk_Fwd_Left.uasset" 1237
"D:/Babys2ndAnnihilation/BitWindy/Content/Characters/Mannequins/Anims/Unarmed/Walk/MF_Unarmed_Walk_Fwd_Left.uexp" 1238
"D:/Babys2ndAnnihilation/BitWindy/Content/Characters/Mannequins/Anims/Unarmed/Walk/MF_Unarmed_Walk_Fwd_Right.uasset" 1239
"D:/Babys2ndAnnihilation/BitWindy/Content/Characters/Mannequins/Anims/Unarmed/Walk/MF_Unarmed_Walk_Fwd_Right.uexp" 1240
"D:/Babys2ndAnnihilation/BitWindy/Content/Characters/Mannequins/Anims/Unarmed/Walk/MF_Unarmed_Walk_Left.uasset" 1241
"D:/Babys2ndAnnihilation/BitWindy/Content/Characters/Mannequins/Anims/Unarmed/Walk/MF_Unarmed_Walk_Left.uexp" 1242
"D:/Babys2ndAnnihilation/BitWindy/Content/Characters/Mannequins/Anims/Unarmed/Walk/MF_Unarmed_Walk_Right.uasset" 1243
"D:/Babys2ndAnnihilation/BitWindy/Content/Characters/Mannequins/Anims/Unarmed/Walk/MF_Unarmed_Walk_Right.uexp" 1244
"D:/Babys2ndAnnihilation/BitWindy/Content/Characters/Mannequins/Anims/Unarmed/BS_Idle_Walk_Run.uasset" 1245
"D:/Babys2ndAnnihilation/BitWindy/Content/Characters/Mannequins/Anims/Unarmed/BS_Idle_Walk_Run.uexp" 1246
"D:/Babys2ndAnnihilation/BitWindy/Content/Characters/Mannequins/Anims/Unarmed/Jump/MM_Fall_Loop.uasset" 1247
"D:/Babys2ndAnnihilation/BitWindy/Content/Characters/Mannequins/Anims/Unarmed/Jump/MM_Fall_Loop.uexp" 1248
"D:/Babys2ndAnnihilation/BitWindy/Content/Characters/Mannequins/Anims/Unarmed/Jump/MM_Jump.uasset" 1249
"D:/Babys2ndAnnihilation/BitWindy/Content/Characters/Mannequins/Anims/Unarmed/Jump/MM_Jump.uexp" 1250
"D:/Babys2ndAnnihilation/BitWindy/Content/Characters/Mannequins/Anims/Unarmed/Jump/MM_Land.uasset" 1251
"D:/Babys2ndAnnihilation/BitWindy/Content/Characters/Mannequins/Anims/Unarmed/Jump/MM_Land.uexp" 1252
"../../../Engine/Plugins/Animation/ControlRig/Content/Controls/DefaultGizmoLibraryNormalized.uasset" 1253
"../../../Engine/Plugins/Animation/ControlRig/Content/Controls/DefaultGizmoLibraryNormalized.uexp" 1254
"D:/Babys2ndAnnihilation/BitWindy/Content/Characters/Mannequins/Rigs/CR_Mannequin_FootIK.uasset" 1255
"D:/Babys2ndAnnihilation/BitWindy/Content/Characters/Mannequins/Rigs/CR_Mannequin_FootIK.uexp" 1256
"D:/Babys2ndAnnihilation/BitWindy/Content/Characters/Mannequins/Anims/Unarmed/ABP_Unarmed.uasset" 1257
"D:/Babys2ndAnnihilation/BitWindy/Content/Characters/Mannequins/Anims/Unarmed/ABP_Unarmed.uexp" 1258
"D:/Babys2ndAnnihilation/BitWindy/Content/FirstPerson/Blueprints/BP_FirstPersonCharacter.uasset" 1259
"D:/Babys2ndAnnihilation/BitWindy/Content/FirstPerson/Blueprints/BP_FirstPersonCharacter.uexp" 1260
"D:/Babys2ndAnnihilation/BitWindy/Content/Variant_Shooter/UI/UI_Horror.uasset" 1261
"D:/Babys2ndAnnihilation/BitWindy/Content/Variant_Shooter/UI/UI_Horror.uexp" 1262
"D:/Babys2ndAnnihilation/BitWindy/Content/Variant_Shooter/Input/BPI_Touch_Shooter.uasset" 1263
"D:/Babys2ndAnnihilation/BitWindy/Content/Variant_Shooter/Input/BPI_Touch_Shooter.uexp" 1264
"D:/Babys2ndAnnihilation/BitWindy/Content/Variant_Shooter/Input/UI_TouchInterface_Shooter.uasset" 1265
"D:/Babys2ndAnnihilation/BitWindy/Content/Variant_Shooter/Input/UI_TouchInterface_Shooter.uexp" 1266
"D:/Babys2ndAnnihilation/BitWindy/Content/Input/IMC_Default.uasset" 1267
"D:/Babys2ndAnnihilation/BitWindy/Content/Input/IMC_Default.uexp" 1268
"D:/Babys2ndAnnihilation/BitWindy/Content/Input/IMC_MouseLook.uasset" 1269
"D:/Babys2ndAnnihilation/BitWindy/Content/Input/IMC_MouseLook.uexp" 1270
"D:/Babys2ndAnnihilation/BitWindy/Content/FirstPerson/Blueprints/BP_FirstPersonCameraManager.uasset" 1271
"D:/Babys2ndAnnihilation/BitWindy/Content/FirstPerson/Blueprints/BP_FirstPersonCameraManager.uexp" 1272
"D:/Babys2ndAnnihilation/BitWindy/Content/FirstPerson/Blueprints/BP_FirstPersonPlayerController.uasset" 1273
"D:/Babys2ndAnnihilation/BitWindy/Content/FirstPerson/Blueprints/BP_FirstPersonPlayerController.uexp" 1274
"D:/Babys2ndAnnihilation/BitWindy/Content/Variant_Shooter/Blueprints/BP_ShooterPlayerController.uasset" 1275
"D:/Babys2ndAnnihilation/BitWindy/Content/Variant_Shooter/Blueprints/BP_ShooterPlayerController.uexp" 1276
"D:/Babys2ndAnnihilation/BitWindy/Content/Variant_Shooter/Blueprints/Pickups/BPI_WeaponHolder.uasset" 1277
"D:/Babys2ndAnnihilation/BitWindy/Content/Variant_Shooter/Blueprints/Pickups/BPI_WeaponHolder.uexp" 1278
"../../../Engine/Plugins/FX/Niagara/Content/DefaultAssets/DefaultSpriteMaterial.uasset" 1279
"../../../Engine/Plugins/FX/Niagara/Content/DefaultAssets/DefaultSpriteMaterial.uexp" 1280
"D:/Babys2ndAnnihilation/BitWindy/Content/VFX/N_Snowball.uasset" 1281
"D:/Babys2ndAnnihilation/BitWindy/Content/VFX/N_Snowball.uexp" 1282
"D:/Babys2ndAnnihilation/BitWindy/Content/Audio/Attenuations/SA_Proj_Snowball.uasset" 1283
"D:/Babys2ndAnnihilation/BitWindy/Content/Audio/Attenuations/SA_Proj_Snowball.uexp" 1284
"D:/Babys2ndAnnihilation/BitWindy/Content/Audio/Metasounds/Patches/MSP_ST2M.uasset" 1285
"D:/Babys2ndAnnihilation/BitWindy/Content/Audio/Metasounds/Patches/MSP_ST2M.uexp" 1286
"D:/Babys2ndAnnihilation/BitWindy/Content/Audio/SoundFiles/SFX/Snowball/ProjectileLoop/BFA_SFX_Projectile_Magic_Layer_Loop.ubulk" 1287
"D:/Babys2ndAnnihilation/BitWindy/Content/Audio/SoundFiles/SFX/Snowball/ProjectileLoop/BFA_SFX_Projectile_Magic_Layer_Loop.uasset" 1288
"D:/Babys2ndAnnihilation/BitWindy/Content/Audio/SoundFiles/SFX/Snowball/ProjectileLoop/BFA_SFX_Projectile_Magic_Layer_Loop.uexp" 1289
"D:/Babys2ndAnnihilation/BitWindy/Content/Audio/SoundFiles/SFX/Snowball/ProjectileLoop/BFA_SFX_Projectile_Whirl_Layer_Loop.ubulk" 1290
"D:/Babys2ndAnnihilation/BitWindy/Content/Audio/SoundFiles/SFX/Snowball/ProjectileLoop/BFA_SFX_Projectile_Whirl_Layer_Loop.uasset" 1291
"D:/Babys2ndAnnihilation/BitWindy/Content/Audio/SoundFiles/SFX/Snowball/ProjectileLoop/BFA_SFX_Projectile_Whirl_Layer_Loop.uexp" 1292
"D:/Babys2ndAnnihilation/BitWindy/Content/Audio/SoundFiles/SFX/Snowball/ProjectileLoop/BFA_SFX_Projectile_Wind_Layer_Loop.ubulk" 1293
"D:/Babys2ndAnnihilation/BitWindy/Content/Audio/SoundFiles/SFX/Snowball/ProjectileLoop/BFA_SFX_Projectile_Wind_Layer_Loop.uasset" 1294
"D:/Babys2ndAnnihilation/BitWindy/Content/Audio/SoundFiles/SFX/Snowball/ProjectileLoop/BFA_SFX_Projectile_Wind_Layer_Loop.uexp" 1295
"D:/Babys2ndAnnihilation/BitWindy/Content/Audio/Metasounds/Sources/MS_SFX_PLY_Proj_Snowball_Loop.uasset" 1296
"D:/Babys2ndAnnihilation/BitWindy/Content/Audio/Metasounds/Sources/MS_SFX_PLY_Proj_Snowball_Loop.uexp" 1297
"D:/Babys2ndAnnihilation/BitWindy/Content/Audio/Attenuations/SA_Proj_Snowball_Impacts.uasset" 1298
"D:/Babys2ndAnnihilation/BitWindy/Content/Audio/Attenuations/SA_Proj_Snowball_Impacts.uexp" 1299
"D:/Babys2ndAnnihilation/BitWindy/Content/Audio/Metasounds/Patches/MSP_RandomWavePlayer_Mono.uasset" 1300
"D:/Babys2ndAnnihilation/BitWindy/Content/Audio/Metasounds/Patches/MSP_RandomWavePlayer_Mono.uexp" 1301
"D:/Babys2ndAnnihilation/BitWindy/Content/Audio/SoundFiles/SFX/Snowball/Impacts/BFA_SFX_Snowball_Impact_Fort_01.ubulk" 1302
"D:/Babys2ndAnnihilation/BitWindy/Content/Audio/SoundFiles/SFX/Snowball/Impacts/BFA_SFX_Snowball_Impact_Fort_01.uasset" 1303
"D:/Babys2ndAnnihilation/BitWindy/Content/Audio/SoundFiles/SFX/Snowball/Impacts/BFA_SFX_Snowball_Impact_Fort_01.uexp" 1304
"D:/Babys2ndAnnihilation/BitWindy/Content/Audio/SoundFiles/SFX/Snowball/Impacts/BFA_SFX_Snowball_Impact_Fort_02.ubulk" 1305
"D:/Babys2ndAnnihilation/BitWindy/Content/Audio/SoundFiles/SFX/Snowball/Impacts/BFA_SFX_Snowball_Impact_Fort_02.uasset" 1306
"D:/Babys2ndAnnihilation/BitWindy/Content/Audio/SoundFiles/SFX/Snowball/Impacts/BFA_SFX_Snowball_Impact_Fort_02.uexp" 1307
"D:/Babys2ndAnnihilation/BitWindy/Content/Audio/SoundFiles/SFX/Snowball/Impacts/BFA_SFX_Snowball_Impact_Fort_03.ubulk" 1308
"D:/Babys2ndAnnihilation/BitWindy/Content/Audio/SoundFiles/SFX/Snowball/Impacts/BFA_SFX_Snowball_Impact_Fort_03.uasset" 1309
"D:/Babys2ndAnnihilation/BitWindy/Content/Audio/SoundFiles/SFX/Snowball/Impacts/BFA_SFX_Snowball_Impact_Fort_03.uexp" 1310
"D:/Babys2ndAnnihilation/BitWindy/Content/Audio/SoundFiles/SFX/Snowball/Impacts/BFA_SFX_Snowball_Impact_Fort_04.ubulk" 1311
"D:/Babys2ndAnnihilation/BitWindy/Content/Audio/SoundFiles/SFX/Snowball/Impacts/BFA_SFX_Snowball_Impact_Fort_04.uasset" 1312
"D:/Babys2ndAnnihilation/BitWindy/Content/Audio/SoundFiles/SFX/Snowball/Impacts/BFA_SFX_Snowball_Impact_Fort_04.uexp" 1313
"D:/Babys2ndAnnihilation/BitWindy/Content/Audio/SoundFiles/SFX/Snowball/Impacts/BFA_SFX_Snowball_Impact_Fort_05.ubulk" 1314
"D:/Babys2ndAnnihilation/BitWindy/Content/Audio/SoundFiles/SFX/Snowball/Impacts/BFA_SFX_Snowball_Impact_Fort_05.uasset" 1315
"D:/Babys2ndAnnihilation/BitWindy/Content/Audio/SoundFiles/SFX/Snowball/Impacts/BFA_SFX_Snowball_Impact_Fort_05.uexp" 1316
"D:/Babys2ndAnnihilation/BitWindy/Content/Audio/SoundFiles/SFX/Snowball/Impacts/BFA_SFX_Snowball_Impact_Metal_01.ubulk" 1317
"D:/Babys2ndAnnihilation/BitWindy/Content/Audio/SoundFiles/SFX/Snowball/Impacts/BFA_SFX_Snowball_Impact_Metal_01.uasset" 1318
"D:/Babys2ndAnnihilation/BitWindy/Content/Audio/SoundFiles/SFX/Snowball/Impacts/BFA_SFX_Snowball_Impact_Metal_01.uexp" 1319
"D:/Babys2ndAnnihilation/BitWindy/Content/Audio/SoundFiles/SFX/Snowball/Impacts/BFA_SFX_Snowball_Impact_Metal_02.ubulk" 1320
"D:/Babys2ndAnnihilation/BitWindy/Content/Audio/SoundFiles/SFX/Snowball/Impacts/BFA_SFX_Snowball_Impact_Metal_02.uasset" 1321
"D:/Babys2ndAnnihilation/BitWindy/Content/Audio/SoundFiles/SFX/Snowball/Impacts/BFA_SFX_Snowball_Impact_Metal_02.uexp" 1322
"D:/Babys2ndAnnihilation/BitWindy/Content/Audio/SoundFiles/SFX/Snowball/Impacts/BFA_SFX_Snowball_Impact_Metal_03.ubulk" 1323
"D:/Babys2ndAnnihilation/BitWindy/Content/Audio/SoundFiles/SFX/Snowball/Impacts/BFA_SFX_Snowball_Impact_Metal_03.uasset" 1324
"D:/Babys2ndAnnihilation/BitWindy/Content/Audio/SoundFiles/SFX/Snowball/Impacts/BFA_SFX_Snowball_Impact_Metal_03.uexp" 1325
"D:/Babys2ndAnnihilation/BitWindy/Content/Audio/SoundFiles/SFX/Snowball/Impacts/BFA_SFX_Snowball_Impact_Metal_04.ubulk" 1326
"D:/Babys2ndAnnihilation/BitWindy/Content/Audio/SoundFiles/SFX/Snowball/Impacts/BFA_SFX_Snowball_Impact_Metal_04.uasset" 1327
"D:/Babys2ndAnnihilation/BitWindy/Content/Audio/SoundFiles/SFX/Snowball/Impacts/BFA_SFX_Snowball_Impact_Metal_04.uexp" 1328
"D:/Babys2ndAnnihilation/BitWindy/Content/Audio/SoundFiles/SFX/Snowball/Impacts/BFA_SFX_Snowball_Impact_Player_01.ubulk" 1329
"D:/Babys2ndAnnihilation/BitWindy/Content/Audio/SoundFiles/SFX/Snowball/Impacts/BFA_SFX_Snowball_Impact_Player_01.uasset" 1330
"D:/Babys2ndAnnihilation/BitWindy/Content/Audio/SoundFiles/SFX/Snowball/Impacts/BFA_SFX_Snowball_Impact_Player_01.uexp" 1331
"D:/Babys2ndAnnihilation/BitWindy/Content/Audio/SoundFiles/SFX/Snowball/Impacts/BFA_SFX_Snowball_Impact_Player_02.ubulk" 1332
"D:/Babys2ndAnnihilation/BitWindy/Content/Audio/SoundFiles/SFX/Snowball/Impacts/BFA_SFX_Snowball_Impact_Player_02.uasset" 1333
"D:/Babys2ndAnnihilation/BitWindy/Content/Audio/SoundFiles/SFX/Snowball/Impacts/BFA_SFX_Snowball_Impact_Player_02.uexp" 1334
"D:/Babys2ndAnnihilation/BitWindy/Content/Audio/SoundFiles/SFX/Snowball/Impacts/BFA_SFX_Snowball_Impact_Player_03.ubulk" 1335
"D:/Babys2ndAnnihilation/BitWindy/Content/Audio/SoundFiles/SFX/Snowball/Impacts/BFA_SFX_Snowball_Impact_Player_03.uasset" 1336
"D:/Babys2ndAnnihilation/BitWindy/Content/Audio/SoundFiles/SFX/Snowball/Impacts/BFA_SFX_Snowball_Impact_Player_03.uexp" 1337
"D:/Babys2ndAnnihilation/BitWindy/Content/Audio/SoundFiles/SFX/Snowball/Impacts/BFA_SFX_Snowball_Impact_Player_04.ubulk" 1338
"D:/Babys2ndAnnihilation/BitWindy/Content/Audio/SoundFiles/SFX/Snowball/Impacts/BFA_SFX_Snowball_Impact_Player_04.uasset" 1339
"D:/Babys2ndAnnihilation/BitWindy/Content/Audio/SoundFiles/SFX/Snowball/Impacts/BFA_SFX_Snowball_Impact_Player_04.uexp" 1340
"D:/Babys2ndAnnihilation/BitWindy/Content/Audio/SoundFiles/SFX/Snowball/Impacts/BFA_SFX_Snowball_Impact_Player_05.ubulk" 1341
"D:/Babys2ndAnnihilation/BitWindy/Content/Audio/SoundFiles/SFX/Snowball/Impacts/BFA_SFX_Snowball_Impact_Player_05.uasset" 1342
"D:/Babys2ndAnnihilation/BitWindy/Content/Audio/SoundFiles/SFX/Snowball/Impacts/BFA_SFX_Snowball_Impact_Player_05.uexp" 1343
"D:/Babys2ndAnnihilation/BitWindy/Content/Audio/SoundFiles/SFX/Snowball/Impacts/BFA_SFX_Snowball_Impact_Tree_01.ubulk" 1344
"D:/Babys2ndAnnihilation/BitWindy/Content/Audio/SoundFiles/SFX/Snowball/Impacts/BFA_SFX_Snowball_Impact_Tree_01.uasset" 1345
"D:/Babys2ndAnnihilation/BitWindy/Content/Audio/SoundFiles/SFX/Snowball/Impacts/BFA_SFX_Snowball_Impact_Tree_01.uexp" 1346
"D:/Babys2ndAnnihilation/BitWindy/Content/Audio/SoundFiles/SFX/Snowball/Impacts/BFA_SFX_Snowball_Impact_Tree_02.ubulk" 1347
"D:/Babys2ndAnnihilation/BitWindy/Content/Audio/SoundFiles/SFX/Snowball/Impacts/BFA_SFX_Snowball_Impact_Tree_02.uasset" 1348
"D:/Babys2ndAnnihilation/BitWindy/Content/Audio/SoundFiles/SFX/Snowball/Impacts/BFA_SFX_Snowball_Impact_Tree_02.uexp" 1349
"D:/Babys2ndAnnihilation/BitWindy/Content/Audio/SoundFiles/SFX/Snowball/Impacts/BFA_SFX_Snowball_Impact_Tree_03.ubulk" 1350
"D:/Babys2ndAnnihilation/BitWindy/Content/Audio/SoundFiles/SFX/Snowball/Impacts/BFA_SFX_Snowball_Impact_Tree_03.uasset" 1351
"D:/Babys2ndAnnihilation/BitWindy/Content/Audio/SoundFiles/SFX/Snowball/Impacts/BFA_SFX_Snowball_Impact_Tree_03.uexp" 1352
"D:/Babys2ndAnnihilation/BitWindy/Content/Audio/SoundFiles/SFX/Snowball/Impacts/BFA_SFX_Snowball_Impact_Tree_04.ubulk" 1353
"D:/Babys2ndAnnihilation/BitWindy/Content/Audio/SoundFiles/SFX/Snowball/Impacts/BFA_SFX_Snowball_Impact_Tree_04.uasset" 1354
"D:/Babys2ndAnnihilation/BitWindy/Content/Audio/SoundFiles/SFX/Snowball/Impacts/BFA_SFX_Snowball_Impact_Tree_04.uexp" 1355
"D:/Babys2ndAnnihilation/BitWindy/Content/Audio/SoundFiles/SFX/Snowball/Impacts/BFA_SFX_Snowball_Impact_Tree_05.ubulk" 1356
"D:/Babys2ndAnnihilation/BitWindy/Content/Audio/SoundFiles/SFX/Snowball/Impacts/BFA_SFX_Snowball_Impact_Tree_05.uasset" 1357
"D:/Babys2ndAnnihilation/BitWindy/Content/Audio/SoundFiles/SFX/Snowball/Impacts/BFA_SFX_Snowball_Impact_Tree_05.uexp" 1358
"D:/Babys2ndAnnihilation/BitWindy/Content/Audio/Metasounds/Sources/MS_SFX_PLY_Proj_Snowball_Impacts.uasset" 1359
"D:/Babys2ndAnnihilation/BitWindy/Content/Audio/Metasounds/Sources/MS_SFX_PLY_Proj_Snowball_Impacts.uexp" 1360
"D:/Babys2ndAnnihilation/BitWindy/Content/LevelPrototyping/Materials/M_FlatCol.uasset" 1361
"D:/Babys2ndAnnihilation/BitWindy/Content/LevelPrototyping/Materials/M_FlatCol.uexp" 1362
"D:/Babys2ndAnnihilation/BitWindy/Content/LevelPrototyping/Materials/MI_DefaultColorway.uasset" 1363
"D:/Babys2ndAnnihilation/BitWindy/Content/LevelPrototyping/Materials/MI_DefaultColorway.uexp" 1364
"D:/Babys2ndAnnihilation/BitWindy/Content/FirstPerson/MI_FirstPersonColorway.uasset" 1365
"D:/Babys2ndAnnihilation/BitWindy/Content/FirstPerson/MI_FirstPersonColorway.uexp" 1366
"D:/Babys2ndAnnihilation/BitWindy/Content/Weapons/GrenadeLauncher/Materials/M_ProjectileBullet.uasset" 1367
"D:/Babys2ndAnnihilation/BitWindy/Content/Weapons/GrenadeLauncher/Materials/M_ProjectileBullet.uexp" 1368
"D:/Babys2ndAnnihilation/BitWindy/Content/Weapons/GrenadeLauncher/Meshes/SM_FirstPersonProjectileMesh.ubulk" 1369
"D:/Babys2ndAnnihilation/BitWindy/Content/Weapons/GrenadeLauncher/Meshes/SM_FirstPersonProjectileMesh.uasset" 1370
"D:/Babys2ndAnnihilation/BitWindy/Content/Weapons/GrenadeLauncher/Meshes/SM_FirstPersonProjectileMesh.uexp" 1371
"D:/Babys2ndAnnihilation/BitWindy/Content/Variant_Shooter/Blueprints/Pickups/Projectiles/BP_ShooterProjectileBase.uasset" 1372
"D:/Babys2ndAnnihilation/BitWindy/Content/Variant_Shooter/Blueprints/Pickups/Projectiles/BP_ShooterProjectileBase.uexp" 1373
"D:/Babys2ndAnnihilation/BitWindy/Content/Variant_Shooter/Blueprints/Pickups/Projectiles/BP_PlayerSnowball.uasset" 1374
"D:/Babys2ndAnnihilation/BitWindy/Content/Variant_Shooter/Blueprints/Pickups/Projectiles/BP_PlayerSnowball.uexp" 1375
"D:/Babys2ndAnnihilation/BitWindy/Content/Characters/Mannequins/Anims/Rifle/MF_Rifle_Idle_ADS.uasset" 1376
"D:/Babys2ndAnnihilation/BitWindy/Content/Characters/Mannequins/Anims/Rifle/MF_Rifle_Idle_ADS.uexp" 1377
"D:/Babys2ndAnnihilation/BitWindy/Content/Characters/Mannequins/Anims/Rifle/AIM/MM_Rifle_Idle_ADS_AO_CU.uasset" 1378
"D:/Babys2ndAnnihilation/BitWindy/Content/Characters/Mannequins/Anims/Rifle/AIM/MM_Rifle_Idle_ADS_AO_CU.uexp" 1379
"D:/Babys2ndAnnihilation/BitWindy/Content/Characters/Mannequins/Anims/Rifle/AIM/MM_Rifle_Idle_ADS_AO_CD.uasset" 1380
"D:/Babys2ndAnnihilation/BitWindy/Content/Characters/Mannequins/Anims/Rifle/AIM/MM_Rifle_Idle_ADS_AO_CD.uexp" 1381
"D:/Babys2ndAnnihilation/BitWindy/Content/Characters/Mannequins/Anims/Rifle/AIM/MM_Rifle_Idle_ADS_AO_CC.uasset" 1382
"D:/Babys2ndAnnihilation/BitWindy/Content/Characters/Mannequins/Anims/Rifle/AIM/MM_Rifle_Idle_ADS_AO_CC.uexp" 1383
"D:/Babys2ndAnnihilation/BitWindy/Content/Characters/Mannequins/Anims/Rifle/AIM/AO_Rifle.uasset" 1384
"D:/Babys2ndAnnihilation/BitWindy/Content/Characters/Mannequins/Anims/Rifle/AIM/AO_Rifle.uexp" 1385
"D:/Babys2ndAnnihilation/BitWindy/Content/Variant_Shooter/Anims/ABP_TP_Rifle.uasset" 1386
"D:/Babys2ndAnnihilation/BitWindy/Content/Variant_Shooter/Anims/ABP_TP_Rifle.uexp" 1387
"D:/Babys2ndAnnihilation/BitWindy/Content/Variant_Shooter/Anims/Ctrl_HandAdjusment.uasset" 1388
"D:/Babys2ndAnnihilation/BitWindy/Content/Variant_Shooter/Anims/Ctrl_HandAdjusment.uexp" 1389
"D:/Babys2ndAnnihilation/BitWindy/Content/Variant_Shooter/Anims/ABP_FP_Weapon.uasset" 1390
"D:/Babys2ndAnnihilation/BitWindy/Content/Variant_Shooter/Anims/ABP_FP_Weapon.uexp" 1391
"D:/Babys2ndAnnihilation/BitWindy/Content/Audio/SoundFiles/SFX/Cannon/Body/BFA_SFX_Cannon_Fire_Body_01.ubulk" 1392
"D:/Babys2ndAnnihilation/BitWindy/Content/Audio/SoundFiles/SFX/Cannon/Body/BFA_SFX_Cannon_Fire_Body_01.uasset" 1393
"D:/Babys2ndAnnihilation/BitWindy/Content/Audio/SoundFiles/SFX/Cannon/Body/BFA_SFX_Cannon_Fire_Body_01.uexp" 1394
"D:/Babys2ndAnnihilation/BitWindy/Content/Audio/SoundFiles/SFX/Cannon/Body/BFA_SFX_Cannon_Fire_Body_02.ubulk" 1395
"D:/Babys2ndAnnihilation/BitWindy/Content/Audio/SoundFiles/SFX/Cannon/Body/BFA_SFX_Cannon_Fire_Body_02.uasset" 1396
"D:/Babys2ndAnnihilation/BitWindy/Content/Audio/SoundFiles/SFX/Cannon/Body/BFA_SFX_Cannon_Fire_Body_02.uexp" 1397
"D:/Babys2ndAnnihilation/BitWindy/Content/Audio/SoundFiles/SFX/Cannon/Body/BFA_SFX_Cannon_Fire_Body_03.ubulk" 1398
"D:/Babys2ndAnnihilation/BitWindy/Content/Audio/SoundFiles/SFX/Cannon/Body/BFA_SFX_Cannon_Fire_Body_03.uasset" 1399
"D:/Babys2ndAnnihilation/BitWindy/Content/Audio/SoundFiles/SFX/Cannon/Body/BFA_SFX_Cannon_Fire_Body_03.uexp" 1400
"D:/Babys2ndAnnihilation/BitWindy/Content/Audio/SoundFiles/SFX/Cannon/Body/BFA_SFX_Cannon_Fire_Body_04.ubulk" 1401
"D:/Babys2ndAnnihilation/BitWindy/Content/Audio/SoundFiles/SFX/Cannon/Body/BFA_SFX_Cannon_Fire_Body_04.uasset" 1402
"D:/Babys2ndAnnihilation/BitWindy/Content/Audio/SoundFiles/SFX/Cannon/Body/BFA_SFX_Cannon_Fire_Body_04.uexp" 1403
"D:/Babys2ndAnnihilation/BitWindy/Content/Audio/SoundFiles/SFX/Cannon/Body/BFA_SFX_Cannon_Fire_Body_05.ubulk" 1404
"D:/Babys2ndAnnihilation/BitWindy/Content/Audio/SoundFiles/SFX/Cannon/Body/BFA_SFX_Cannon_Fire_Body_05.uasset" 1405
"D:/Babys2ndAnnihilation/BitWindy/Content/Audio/SoundFiles/SFX/Cannon/Body/BFA_SFX_Cannon_Fire_Body_05.uexp" 1406
"D:/Babys2ndAnnihilation/BitWindy/Content/Audio/SoundFiles/SFX/Cannon/Tail/BFA_SFX_Cannon_Fire_Tail_01.ubulk" 1407
"D:/Babys2ndAnnihilation/BitWindy/Content/Audio/SoundFiles/SFX/Cannon/Tail/BFA_SFX_Cannon_Fire_Tail_01.uasset" 1408
"D:/Babys2ndAnnihilation/BitWindy/Content/Audio/SoundFiles/SFX/Cannon/Tail/BFA_SFX_Cannon_Fire_Tail_01.uexp" 1409
"D:/Babys2ndAnnihilation/BitWindy/Content/Audio/SoundFiles/SFX/Cannon/Tail/BFA_SFX_Cannon_Fire_Tail_02.ubulk" 1410
"D:/Babys2ndAnnihilation/BitWindy/Content/Audio/SoundFiles/SFX/Cannon/Tail/BFA_SFX_Cannon_Fire_Tail_02.uasset" 1411
"D:/Babys2ndAnnihilation/BitWindy/Content/Audio/SoundFiles/SFX/Cannon/Tail/BFA_SFX_Cannon_Fire_Tail_02.uexp" 1412
"D:/Babys2ndAnnihilation/BitWindy/Content/Audio/SoundFiles/SFX/Cannon/Tail/BFA_SFX_Cannon_Fire_Tail_03.ubulk" 1413
"D:/Babys2ndAnnihilation/BitWindy/Content/Audio/SoundFiles/SFX/Cannon/Tail/BFA_SFX_Cannon_Fire_Tail_03.uasset" 1414
"D:/Babys2ndAnnihilation/BitWindy/Content/Audio/SoundFiles/SFX/Cannon/Tail/BFA_SFX_Cannon_Fire_Tail_03.uexp" 1415
"D:/Babys2ndAnnihilation/BitWindy/Content/Audio/SoundFiles/SFX/Cannon/Tail/BFA_SFX_Cannon_Fire_Tail_04.ubulk" 1416
"D:/Babys2ndAnnihilation/BitWindy/Content/Audio/SoundFiles/SFX/Cannon/Tail/BFA_SFX_Cannon_Fire_Tail_04.uasset" 1417
"D:/Babys2ndAnnihilation/BitWindy/Content/Audio/SoundFiles/SFX/Cannon/Tail/BFA_SFX_Cannon_Fire_Tail_04.uexp" 1418
"D:/Babys2ndAnnihilation/BitWindy/Content/Audio/SoundFiles/SFX/Cannon/Tail/BFA_SFX_Cannon_Fire_Tail_05.ubulk" 1419
"D:/Babys2ndAnnihilation/BitWindy/Content/Audio/SoundFiles/SFX/Cannon/Tail/BFA_SFX_Cannon_Fire_Tail_05.uasset" 1420
"D:/Babys2ndAnnihilation/BitWindy/Content/Audio/SoundFiles/SFX/Cannon/Tail/BFA_SFX_Cannon_Fire_Tail_05.uexp" 1421
"D:/Babys2ndAnnihilation/BitWindy/Content/Audio/SoundFiles/SFX/Cannon/Transient/BFA_SFX_Cannon_Fire_Transient_01.ubulk" 1422
"D:/Babys2ndAnnihilation/BitWindy/Content/Audio/SoundFiles/SFX/Cannon/Transient/BFA_SFX_Cannon_Fire_Transient_01.uasset" 1423
"D:/Babys2ndAnnihilation/BitWindy/Content/Audio/SoundFiles/SFX/Cannon/Transient/BFA_SFX_Cannon_Fire_Transient_01.uexp" 1424
"D:/Babys2ndAnnihilation/BitWindy/Content/Audio/SoundFiles/SFX/Cannon/Transient/BFA_SFX_Cannon_Fire_Transient_02.ubulk" 1425
"D:/Babys2ndAnnihilation/BitWindy/Content/Audio/SoundFiles/SFX/Cannon/Transient/BFA_SFX_Cannon_Fire_Transient_02.uasset" 1426
"D:/Babys2ndAnnihilation/BitWindy/Content/Audio/SoundFiles/SFX/Cannon/Transient/BFA_SFX_Cannon_Fire_Transient_02.uexp" 1427
"D:/Babys2ndAnnihilation/BitWindy/Content/Audio/SoundFiles/SFX/Cannon/Transient/BFA_SFX_Cannon_Fire_Transient_03.ubulk" 1428
"D:/Babys2ndAnnihilation/BitWindy/Content/Audio/SoundFiles/SFX/Cannon/Transient/BFA_SFX_Cannon_Fire_Transient_03.uasset" 1429
"D:/Babys2ndAnnihilation/BitWindy/Content/Audio/SoundFiles/SFX/Cannon/Transient/BFA_SFX_Cannon_Fire_Transient_03.uexp" 1430
"D:/Babys2ndAnnihilation/BitWindy/Content/Audio/SoundFiles/SFX/Cannon/Transient/BFA_SFX_Cannon_Fire_Transient_04.ubulk" 1431
"D:/Babys2ndAnnihilation/BitWindy/Content/Audio/SoundFiles/SFX/Cannon/Transient/BFA_SFX_Cannon_Fire_Transient_04.uasset" 1432
"D:/Babys2ndAnnihilation/BitWindy/Content/Audio/SoundFiles/SFX/Cannon/Transient/BFA_SFX_Cannon_Fire_Transient_04.uexp" 1433
"D:/Babys2ndAnnihilation/BitWindy/Content/Audio/SoundFiles/SFX/Cannon/Transient/BFA_SFX_Cannon_Fire_Transient_05.ubulk" 1434
"D:/Babys2ndAnnihilation/BitWindy/Content/Audio/SoundFiles/SFX/Cannon/Transient/BFA_SFX_Cannon_Fire_Transient_05.uasset" 1435
"D:/Babys2ndAnnihilation/BitWindy/Content/Audio/SoundFiles/SFX/Cannon/Transient/BFA_SFX_Cannon_Fire_Transient_05.uexp" 1436
"D:/Babys2ndAnnihilation/BitWindy/Content/Audio/Metasounds/Sources/MS_SFX_PLY_Cannon_Fire.uasset" 1437
"D:/Babys2ndAnnihilation/BitWindy/Content/Audio/Metasounds/Sources/MS_SFX_PLY_Cannon_Fire.uexp" 1438
"D:/Babys2ndAnnihilation/BitWindy/Content/Weapons/Rifle/Textures/T_Rifle_N.ubulk" 1439
"D:/Babys2ndAnnihilation/BitWindy/Content/Weapons/Rifle/Textures/T_Rifle_N.uasset" 1440
"D:/Babys2ndAnnihilation/BitWindy/Content/Weapons/Rifle/Textures/T_Rifle_N.uexp" 1441
"D:/Babys2ndAnnihilation/BitWindy/Content/Weapons/Rifle/Textures/T_Rifle_BC.ubulk" 1442
"D:/Babys2ndAnnihilation/BitWindy/Content/Weapons/Rifle/Textures/T_Rifle_BC.uasset" 1443
"D:/Babys2ndAnnihilation/BitWindy/Content/Weapons/Rifle/Textures/T_Rifle_BC.uexp" 1444
"D:/Babys2ndAnnihilation/BitWindy/Content/Weapons/Rifle/Materials/M_Rifle.uasset" 1445
"D:/Babys2ndAnnihilation/BitWindy/Content/Weapons/Rifle/Materials/M_Rifle.uexp" 1446
"D:/Babys2ndAnnihilation/BitWindy/Content/Weapons/Rifle/Meshes/SK_Rifle.uasset" 1447
"D:/Babys2ndAnnihilation/BitWindy/Content/Weapons/Rifle/Meshes/SK_Rifle.uexp" 1448
"D:/Babys2ndAnnihilation/BitWindy/Content/Weapons/Rifle/Meshes/PA_Rifle.uasset" 1449
"D:/Babys2ndAnnihilation/BitWindy/Content/Weapons/Rifle/Meshes/PA_Rifle.uexp" 1450
"D:/Babys2ndAnnihilation/BitWindy/Content/Weapons/Rifle/Meshes/SKM_Rifle.uasset" 1451
"D:/Babys2ndAnnihilation/BitWindy/Content/Weapons/Rifle/Meshes/SKM_Rifle.uexp" 1452
"D:/Babys2ndAnnihilation/BitWindy/Content/Variant_Shooter/Blueprints/Pickups/BP_ShooterWeaponBase.uasset" 1453
"D:/Babys2ndAnnihilation/BitWindy/Content/Variant_Shooter/Blueprints/Pickups/BP_ShooterWeaponBase.uexp" 1454
"D:/Babys2ndAnnihilation/BitWindy/Content/Characters/Mannequins/Anims/Rifle/MM_Rifle_Fire.uasset" 1455
"D:/Babys2ndAnnihilation/BitWindy/Content/Characters/Mannequins/Anims/Rifle/MM_Rifle_Fire.uexp" 1456
"D:/Babys2ndAnnihilation/BitWindy/Content/Variant_Shooter/Anims/FP_Rifle_Shoot_Montage.uasset" 1457
"D:/Babys2ndAnnihilation/BitWindy/Content/Variant_Shooter/Anims/FP_Rifle_Shoot_Montage.uexp" 1458
"D:/Babys2ndAnnihilation/BitWindy/Content/3D_Assets/Characters/Player/SK_Char_Player_Skeleton.uasset" 1459
"D:/Babys2ndAnnihilation/BitWindy/Content/3D_Assets/Characters/Player/SK_Char_Player_Skeleton.uexp" 1460
"D:/Babys2ndAnnihilation/BitWindy/Content/3D_Assets/Characters/Player/Animations/AS_Char_Player_AddUp.uasset" 1461
"D:/Babys2ndAnnihilation/BitWindy/Content/3D_Assets/Characters/Player/Animations/AS_Char_Player_AddUp.uexp" 1462
"D:/Babys2ndAnnihilation/BitWindy/Content/3D_Assets/Characters/Player/Animations/AS_Char_Player_AddIdle.uasset" 1463
"D:/Babys2ndAnnihilation/BitWindy/Content/3D_Assets/Characters/Player/Animations/AS_Char_Player_AddIdle.uexp" 1464
"D:/Babys2ndAnnihilation/BitWindy/Content/3D_Assets/Characters/Player/Animations/AS_Char_Player_AddDown.uasset" 1465
"D:/Babys2ndAnnihilation/BitWindy/Content/3D_Assets/Characters/Player/Animations/AS_Char_Player_AddDown.uexp" 1466
"D:/Babys2ndAnnihilation/BitWindy/Content/3D_Assets/Characters/Player/Animations/AO_Char_Player.uasset" 1467
"D:/Babys2ndAnnihilation/BitWindy/Content/3D_Assets/Characters/Player/Animations/AO_Char_Player.uexp" 1468
"D:/Babys2ndAnnihilation/BitWindy/Content/3D_Assets/Characters/Player/Animations/Locomotion/AS_Char_Player_Idle.uasset" 1469
"D:/Babys2ndAnnihilation/BitWindy/Content/3D_Assets/Characters/Player/Animations/Locomotion/AS_Char_Player_Idle.uexp" 1470
"D:/Babys2ndAnnihilation/BitWindy/Content/Audio/Attenuations/SA_FOL_Player.uasset" 1471
"D:/Babys2ndAnnihilation/BitWindy/Content/Audio/Attenuations/SA_FOL_Player.uexp" 1472
"D:/Babys2ndAnnihilation/BitWindy/Content/Audio/SoundFiles/Foley/Player/Clothes/BFA_FOL_Cloth_Running_01.ubulk" 1473
"D:/Babys2ndAnnihilation/BitWindy/Content/Audio/SoundFiles/Foley/Player/Clothes/BFA_FOL_Cloth_Running_01.uasset" 1474
"D:/Babys2ndAnnihilation/BitWindy/Content/Audio/SoundFiles/Foley/Player/Clothes/BFA_FOL_Cloth_Running_01.uexp" 1475
"D:/Babys2ndAnnihilation/BitWindy/Content/Audio/SoundFiles/Foley/Player/Clothes/BFA_FOL_Cloth_Running_02.ubulk" 1476
"D:/Babys2ndAnnihilation/BitWindy/Content/Audio/SoundFiles/Foley/Player/Clothes/BFA_FOL_Cloth_Running_02.uasset" 1477
"D:/Babys2ndAnnihilation/BitWindy/Content/Audio/SoundFiles/Foley/Player/Clothes/BFA_FOL_Cloth_Running_02.uexp" 1478
"D:/Babys2ndAnnihilation/BitWindy/Content/Audio/SoundFiles/Foley/Player/Clothes/BFA_FOL_Cloth_Running_03.ubulk" 1479
"D:/Babys2ndAnnihilation/BitWindy/Content/Audio/SoundFiles/Foley/Player/Clothes/BFA_FOL_Cloth_Running_03.uasset" 1480
"D:/Babys2ndAnnihilation/BitWindy/Content/Audio/SoundFiles/Foley/Player/Clothes/BFA_FOL_Cloth_Running_03.uexp" 1481
"D:/Babys2ndAnnihilation/BitWindy/Content/Audio/SoundFiles/Foley/Player/Clothes/BFA_FOL_Cloth_Running_04.ubulk" 1482
"D:/Babys2ndAnnihilation/BitWindy/Content/Audio/SoundFiles/Foley/Player/Clothes/BFA_FOL_Cloth_Running_04.uasset" 1483
"D:/Babys2ndAnnihilation/BitWindy/Content/Audio/SoundFiles/Foley/Player/Clothes/BFA_FOL_Cloth_Running_04.uexp" 1484
"D:/Babys2ndAnnihilation/BitWindy/Content/Audio/SoundFiles/Foley/Player/Clothes/BFA_FOL_Cloth_Running_05.ubulk" 1485
"D:/Babys2ndAnnihilation/BitWindy/Content/Audio/SoundFiles/Foley/Player/Clothes/BFA_FOL_Cloth_Running_05.uasset" 1486
"D:/Babys2ndAnnihilation/BitWindy/Content/Audio/SoundFiles/Foley/Player/Clothes/BFA_FOL_Cloth_Running_05.uexp" 1487
"D:/Babys2ndAnnihilation/BitWindy/Content/Audio/Metasounds/Sources/MS_FOL_PLY_Movement_Cloth_Run.uasset" 1488
"D:/Babys2ndAnnihilation/BitWindy/Content/Audio/Metasounds/Sources/MS_FOL_PLY_Movement_Cloth_Run.uexp" 1489
"D:/Babys2ndAnnihilation/BitWindy/Content/Audio/SoundFiles/Foley/Player/FS/Running/BFA_FOL_FS_Running_01.ubulk" 1490
"D:/Babys2ndAnnihilation/BitWindy/Content/Audio/SoundFiles/Foley/Player/FS/Running/BFA_FOL_FS_Running_01.uasset" 1491
"D:/Babys2ndAnnihilation/BitWindy/Content/Audio/SoundFiles/Foley/Player/FS/Running/BFA_FOL_FS_Running_01.uexp" 1492
"D:/Babys2ndAnnihilation/BitWindy/Content/Audio/SoundFiles/Foley/Player/FS/Running/BFA_FOL_FS_Running_02.ubulk" 1493
"D:/Babys2ndAnnihilation/BitWindy/Content/Audio/SoundFiles/Foley/Player/FS/Running/BFA_FOL_FS_Running_02.uasset" 1494
"D:/Babys2ndAnnihilation/BitWindy/Content/Audio/SoundFiles/Foley/Player/FS/Running/BFA_FOL_FS_Running_02.uexp" 1495
"D:/Babys2ndAnnihilation/BitWindy/Content/Audio/SoundFiles/Foley/Player/FS/Running/BFA_FOL_FS_Running_03.ubulk" 1496
"D:/Babys2ndAnnihilation/BitWindy/Content/Audio/SoundFiles/Foley/Player/FS/Running/BFA_FOL_FS_Running_03.uasset" 1497
"D:/Babys2ndAnnihilation/BitWindy/Content/Audio/SoundFiles/Foley/Player/FS/Running/BFA_FOL_FS_Running_03.uexp" 1498
"D:/Babys2ndAnnihilation/BitWindy/Content/Audio/SoundFiles/Foley/Player/FS/Running/BFA_FOL_FS_Running_04.ubulk" 1499
"D:/Babys2ndAnnihilation/BitWindy/Content/Audio/SoundFiles/Foley/Player/FS/Running/BFA_FOL_FS_Running_04.uasset" 1500
"D:/Babys2ndAnnihilation/BitWindy/Content/Audio/SoundFiles/Foley/Player/FS/Running/BFA_FOL_FS_Running_04.uexp" 1501
"D:/Babys2ndAnnihilation/BitWindy/Content/Audio/SoundFiles/Foley/Player/FS/Running/BFA_FOL_FS_Running_05.ubulk" 1502
"D:/Babys2ndAnnihilation/BitWindy/Content/Audio/SoundFiles/Foley/Player/FS/Running/BFA_FOL_FS_Running_05.uasset" 1503
"D:/Babys2ndAnnihilation/BitWindy/Content/Audio/SoundFiles/Foley/Player/FS/Running/BFA_FOL_FS_Running_05.uexp" 1504
"D:/Babys2ndAnnihilation/BitWindy/Content/Audio/Metasounds/Sources/MS_FOL_PLY_FS_Run.uasset" 1505
"D:/Babys2ndAnnihilation/BitWindy/Content/Audio/Metasounds/Sources/MS_FOL_PLY_FS_Run.uexp" 1506
"D:/Babys2ndAnnihilation/BitWindy/Content/3D_Assets/Characters/Player/Animations/Locomotion/AS_Char_Player_RunBack.uasset" 1507
"D:/Babys2ndAnnihilation/BitWindy/Content/3D_Assets/Characters/Player/Animations/Locomotion/AS_Char_Player_RunBack.uexp" 1508
"D:/Babys2ndAnnihilation/BitWindy/Content/3D_Assets/Characters/Player/Animations/Locomotion/AS_Char_Player_RunLeft.uasset" 1509
"D:/Babys2ndAnnihilation/BitWindy/Content/3D_Assets/Characters/Player/Animations/Locomotion/AS_Char_Player_RunLeft.uexp" 1510
"D:/Babys2ndAnnihilation/BitWindy/Content/Audio/SoundFiles/Foley/Cannon/Clank/BFA_FOL_Player_Tank_Clank_01.ubulk" 1511
"D:/Babys2ndAnnihilation/BitWindy/Content/Audio/SoundFiles/Foley/Cannon/Clank/BFA_FOL_Player_Tank_Clank_01.uasset" 1512
"D:/Babys2ndAnnihilation/BitWindy/Content/Audio/SoundFiles/Foley/Cannon/Clank/BFA_FOL_Player_Tank_Clank_01.uexp" 1513
"D:/Babys2ndAnnihilation/BitWindy/Content/Audio/SoundFiles/Foley/Cannon/Clank/BFA_FOL_Player_Tank_Clank_02.ubulk" 1514
"D:/Babys2ndAnnihilation/BitWindy/Content/Audio/SoundFiles/Foley/Cannon/Clank/BFA_FOL_Player_Tank_Clank_02.uasset" 1515
"D:/Babys2ndAnnihilation/BitWindy/Content/Audio/SoundFiles/Foley/Cannon/Clank/BFA_FOL_Player_Tank_Clank_02.uexp" 1516
"D:/Babys2ndAnnihilation/BitWindy/Content/Audio/SoundFiles/Foley/Cannon/Clank/BFA_FOL_Player_Tank_Clank_03.ubulk" 1517
"D:/Babys2ndAnnihilation/BitWindy/Content/Audio/SoundFiles/Foley/Cannon/Clank/BFA_FOL_Player_Tank_Clank_03.uasset" 1518
"D:/Babys2ndAnnihilation/BitWindy/Content/Audio/SoundFiles/Foley/Cannon/Clank/BFA_FOL_Player_Tank_Clank_03.uexp" 1519
"D:/Babys2ndAnnihilation/BitWindy/Content/Audio/SoundFiles/Foley/Cannon/Clank/BFA_FOL_Player_Tank_Clank_04.ubulk" 1520
"D:/Babys2ndAnnihilation/BitWindy/Content/Audio/SoundFiles/Foley/Cannon/Clank/BFA_FOL_Player_Tank_Clank_04.uasset" 1521
"D:/Babys2ndAnnihilation/BitWindy/Content/Audio/SoundFiles/Foley/Cannon/Clank/BFA_FOL_Player_Tank_Clank_04.uexp" 1522
"D:/Babys2ndAnnihilation/BitWindy/Content/Audio/SoundFiles/Foley/Cannon/Clank/BFA_FOL_Player_Tank_Clank_05.ubulk" 1523
"D:/Babys2ndAnnihilation/BitWindy/Content/Audio/SoundFiles/Foley/Cannon/Clank/BFA_FOL_Player_Tank_Clank_05.uasset" 1524
"D:/Babys2ndAnnihilation/BitWindy/Content/Audio/SoundFiles/Foley/Cannon/Clank/BFA_FOL_Player_Tank_Clank_05.uexp" 1525
"D:/Babys2ndAnnihilation/BitWindy/Content/Audio/SoundFiles/Foley/Cannon/Jingle/BFA_FOL_Player_Tank_HoseJingle_01.ubulk" 1526
"D:/Babys2ndAnnihilation/BitWindy/Content/Audio/SoundFiles/Foley/Cannon/Jingle/BFA_FOL_Player_Tank_HoseJingle_01.uasset" 1527
"D:/Babys2ndAnnihilation/BitWindy/Content/Audio/SoundFiles/Foley/Cannon/Jingle/BFA_FOL_Player_Tank_HoseJingle_01.uexp" 1528
"D:/Babys2ndAnnihilation/BitWindy/Content/Audio/SoundFiles/Foley/Cannon/Jingle/BFA_FOL_Player_Tank_HoseJingle_02.ubulk" 1529
"D:/Babys2ndAnnihilation/BitWindy/Content/Audio/SoundFiles/Foley/Cannon/Jingle/BFA_FOL_Player_Tank_HoseJingle_02.uasset" 1530
"D:/Babys2ndAnnihilation/BitWindy/Content/Audio/SoundFiles/Foley/Cannon/Jingle/BFA_FOL_Player_Tank_HoseJingle_02.uexp" 1531
"D:/Babys2ndAnnihilation/BitWindy/Content/Audio/SoundFiles/Foley/Cannon/Jingle/BFA_FOL_Player_Tank_HoseJingle_03.ubulk" 1532
"D:/Babys2ndAnnihilation/BitWindy/Content/Audio/SoundFiles/Foley/Cannon/Jingle/BFA_FOL_Player_Tank_HoseJingle_03.uasset" 1533
"D:/Babys2ndAnnihilation/BitWindy/Content/Audio/SoundFiles/Foley/Cannon/Jingle/BFA_FOL_Player_Tank_HoseJingle_03.uexp" 1534
"D:/Babys2ndAnnihilation/BitWindy/Content/Audio/SoundFiles/Foley/Cannon/StepUp+Down/BFA_FOL_Player_Tank_StepDown_01.ubulk" 1535
"D:/Babys2ndAnnihilation/BitWindy/Content/Audio/SoundFiles/Foley/Cannon/StepUp+Down/BFA_FOL_Player_Tank_StepDown_01.uasset" 1536
"D:/Babys2ndAnnihilation/BitWindy/Content/Audio/SoundFiles/Foley/Cannon/StepUp+Down/BFA_FOL_Player_Tank_StepDown_01.uexp" 1537
"D:/Babys2ndAnnihilation/BitWindy/Content/Audio/SoundFiles/Foley/Cannon/StepUp+Down/BFA_FOL_Player_Tank_StepDown_02.ubulk" 1538
"D:/Babys2ndAnnihilation/BitWindy/Content/Audio/SoundFiles/Foley/Cannon/StepUp+Down/BFA_FOL_Player_Tank_StepDown_02.uasset" 1539
"D:/Babys2ndAnnihilation/BitWindy/Content/Audio/SoundFiles/Foley/Cannon/StepUp+Down/BFA_FOL_Player_Tank_StepDown_02.uexp" 1540
"D:/Babys2ndAnnihilation/BitWindy/Content/Audio/SoundFiles/Foley/Cannon/StepUp+Down/BFA_FOL_Player_Tank_StepDown_03.ubulk" 1541
"D:/Babys2ndAnnihilation/BitWindy/Content/Audio/SoundFiles/Foley/Cannon/StepUp+Down/BFA_FOL_Player_Tank_StepDown_03.uasset" 1542
"D:/Babys2ndAnnihilation/BitWindy/Content/Audio/SoundFiles/Foley/Cannon/StepUp+Down/BFA_FOL_Player_Tank_StepDown_03.uexp" 1543
"D:/Babys2ndAnnihilation/BitWindy/Content/Audio/SoundFiles/Foley/Cannon/StepUp+Down/BFA_FOL_Player_Tank_StepDown_04.ubulk" 1544
"D:/Babys2ndAnnihilation/BitWindy/Content/Audio/SoundFiles/Foley/Cannon/StepUp+Down/BFA_FOL_Player_Tank_StepDown_04.uasset" 1545
"D:/Babys2ndAnnihilation/BitWindy/Content/Audio/SoundFiles/Foley/Cannon/StepUp+Down/BFA_FOL_Player_Tank_StepDown_04.uexp" 1546
"D:/Babys2ndAnnihilation/BitWindy/Content/Audio/SoundFiles/Foley/Cannon/StepUp+Down/BFA_FOL_Player_Tank_StepDown_05.ubulk" 1547
"D:/Babys2ndAnnihilation/BitWindy/Content/Audio/SoundFiles/Foley/Cannon/StepUp+Down/BFA_FOL_Player_Tank_StepDown_05.uasset" 1548
"D:/Babys2ndAnnihilation/BitWindy/Content/Audio/SoundFiles/Foley/Cannon/StepUp+Down/BFA_FOL_Player_Tank_StepDown_05.uexp" 1549
"D:/Babys2ndAnnihilation/BitWindy/Content/Audio/Metasounds/Sources/MS_FOL_PLY_Player_Cannon.uasset" 1550
"D:/Babys2ndAnnihilation/BitWindy/Content/Audio/Metasounds/Sources/MS_FOL_PLY_Player_Cannon.uexp" 1551
"D:/Babys2ndAnnihilation/BitWindy/Content/3D_Assets/Characters/Player/Animations/Locomotion/AS_Char_Player_Runningrunning.uasset" 1552
"D:/Babys2ndAnnihilation/BitWindy/Content/3D_Assets/Characters/Player/Animations/Locomotion/AS_Char_Player_Runningrunning.uexp" 1553
"D:/Babys2ndAnnihilation/BitWindy/Content/3D_Assets/Characters/Player/Animations/Locomotion/AS_Char_Player_RunRight.uasset" 1554
"D:/Babys2ndAnnihilation/BitWindy/Content/3D_Assets/Characters/Player/Animations/Locomotion/AS_Char_Player_RunRight.uexp" 1555
"D:/Babys2ndAnnihilation/BitWindy/Content/3D_Assets/Characters/Player/Animations/Locomotion/AS_Char_Player_walking.uasset" 1556
"D:/Babys2ndAnnihilation/BitWindy/Content/3D_Assets/Characters/Player/Animations/Locomotion/AS_Char_Player_walking.uexp" 1557
"D:/Babys2ndAnnihilation/BitWindy/Content/Audio/SoundFiles/Foley/Player/FS/Walking/BFA_FOL_FS_Walking_01.ubulk" 1558
"D:/Babys2ndAnnihilation/BitWindy/Content/Audio/SoundFiles/Foley/Player/FS/Walking/BFA_FOL_FS_Walking_01.uasset" 1559
"D:/Babys2ndAnnihilation/BitWindy/Content/Audio/SoundFiles/Foley/Player/FS/Walking/BFA_FOL_FS_Walking_01.uexp" 1560
"D:/Babys2ndAnnihilation/BitWindy/Content/Audio/SoundFiles/Foley/Player/FS/Walking/BFA_FOL_FS_Walking_02.ubulk" 1561
"D:/Babys2ndAnnihilation/BitWindy/Content/Audio/SoundFiles/Foley/Player/FS/Walking/BFA_FOL_FS_Walking_02.uasset" 1562
"D:/Babys2ndAnnihilation/BitWindy/Content/Audio/SoundFiles/Foley/Player/FS/Walking/BFA_FOL_FS_Walking_02.uexp" 1563
"D:/Babys2ndAnnihilation/BitWindy/Content/Audio/SoundFiles/Foley/Player/FS/Walking/BFA_FOL_FS_Walking_03.ubulk" 1564
"D:/Babys2ndAnnihilation/BitWindy/Content/Audio/SoundFiles/Foley/Player/FS/Walking/BFA_FOL_FS_Walking_03.uasset" 1565
"D:/Babys2ndAnnihilation/BitWindy/Content/Audio/SoundFiles/Foley/Player/FS/Walking/BFA_FOL_FS_Walking_03.uexp" 1566
"D:/Babys2ndAnnihilation/BitWindy/Content/Audio/SoundFiles/Foley/Player/FS/Walking/BFA_FOL_FS_Walking_04.ubulk" 1567
"D:/Babys2ndAnnihilation/BitWindy/Content/Audio/SoundFiles/Foley/Player/FS/Walking/BFA_FOL_FS_Walking_04.uasset" 1568
"D:/Babys2ndAnnihilation/BitWindy/Content/Audio/SoundFiles/Foley/Player/FS/Walking/BFA_FOL_FS_Walking_04.uexp" 1569
"D:/Babys2ndAnnihilation/BitWindy/Content/Audio/SoundFiles/Foley/Player/FS/Walking/BFA_FOL_FS_Walking_05.ubulk" 1570
"D:/Babys2ndAnnihilation/BitWindy/Content/Audio/SoundFiles/Foley/Player/FS/Walking/BFA_FOL_FS_Walking_05.uasset" 1571
"D:/Babys2ndAnnihilation/BitWindy/Content/Audio/SoundFiles/Foley/Player/FS/Walking/BFA_FOL_FS_Walking_05.uexp" 1572
"D:/Babys2ndAnnihilation/BitWindy/Content/Audio/Metasounds/Sources/MS_FOL_PLY_FS_Walk.uasset" 1573
"D:/Babys2ndAnnihilation/BitWindy/Content/Audio/Metasounds/Sources/MS_FOL_PLY_FS_Walk.uexp" 1574
"D:/Babys2ndAnnihilation/BitWindy/Content/3D_Assets/Characters/Player/Animations/Locomotion/AS_Char_Player_WalkLeft.uasset" 1575
"D:/Babys2ndAnnihilation/BitWindy/Content/3D_Assets/Characters/Player/Animations/Locomotion/AS_Char_Player_WalkLeft.uexp" 1576
"D:/Babys2ndAnnihilation/BitWindy/Content/3D_Assets/Characters/Player/Animations/Locomotion/AS_Char_Player_WalkRight.uasset" 1577
"D:/Babys2ndAnnihilation/BitWindy/Content/3D_Assets/Characters/Player/Animations/Locomotion/AS_Char_Player_WalkRight.uexp" 1578
"D:/Babys2ndAnnihilation/BitWindy/Content/3D_Assets/Characters/Player/Animations/BS_Char_Player_WalkRun.uasset" 1579
"D:/Babys2ndAnnihilation/BitWindy/Content/3D_Assets/Characters/Player/Animations/BS_Char_Player_WalkRun.uexp" 1580
"D:/Babys2ndAnnihilation/BitWindy/Content/3D_Assets/Characters/Player/Animations/Locomotion/AS_Char_Player_IdleGunIdle.uasset" 1581
"D:/Babys2ndAnnihilation/BitWindy/Content/3D_Assets/Characters/Player/Animations/Locomotion/AS_Char_Player_IdleGunIdle.uexp" 1582
"D:/Babys2ndAnnihilation/BitWindy/Content/Audio/SoundFiles/Foley/Player/Impacts/BFA_FOL_Fall_Impact_01.ubulk" 1583
"D:/Babys2ndAnnihilation/BitWindy/Content/Audio/SoundFiles/Foley/Player/Impacts/BFA_FOL_Fall_Impact_01.uasset" 1584
"D:/Babys2ndAnnihilation/BitWindy/Content/Audio/SoundFiles/Foley/Player/Impacts/BFA_FOL_Fall_Impact_01.uexp" 1585
"D:/Babys2ndAnnihilation/BitWindy/Content/Audio/SoundFiles/Foley/Player/Impacts/BFA_FOL_Fall_Impact_02.ubulk" 1586
"D:/Babys2ndAnnihilation/BitWindy/Content/Audio/SoundFiles/Foley/Player/Impacts/BFA_FOL_Fall_Impact_02.uasset" 1587
"D:/Babys2ndAnnihilation/BitWindy/Content/Audio/SoundFiles/Foley/Player/Impacts/BFA_FOL_Fall_Impact_02.uexp" 1588
"D:/Babys2ndAnnihilation/BitWindy/Content/Audio/SoundFiles/Foley/Player/Impacts/BFA_FOL_Fall_Impact_03.ubulk" 1589
"D:/Babys2ndAnnihilation/BitWindy/Content/Audio/SoundFiles/Foley/Player/Impacts/BFA_FOL_Fall_Impact_03.uasset" 1590
"D:/Babys2ndAnnihilation/BitWindy/Content/Audio/SoundFiles/Foley/Player/Impacts/BFA_FOL_Fall_Impact_03.uexp" 1591
"D:/Babys2ndAnnihilation/BitWindy/Content/Audio/SoundFiles/Foley/Player/Impacts/BFA_FOL_Fall_Impact_04.ubulk" 1592
"D:/Babys2ndAnnihilation/BitWindy/Content/Audio/SoundFiles/Foley/Player/Impacts/BFA_FOL_Fall_Impact_04.uasset" 1593
"D:/Babys2ndAnnihilation/BitWindy/Content/Audio/SoundFiles/Foley/Player/Impacts/BFA_FOL_Fall_Impact_04.uexp" 1594
"D:/Babys2ndAnnihilation/BitWindy/Content/Audio/SoundFiles/Foley/Player/Impacts/BFA_FOL_Fall_Impact_05.ubulk" 1595
"D:/Babys2ndAnnihilation/BitWindy/Content/Audio/SoundFiles/Foley/Player/Impacts/BFA_FOL_Fall_Impact_05.uasset" 1596
"D:/Babys2ndAnnihilation/BitWindy/Content/Audio/SoundFiles/Foley/Player/Impacts/BFA_FOL_Fall_Impact_05.uexp" 1597
"D:/Babys2ndAnnihilation/BitWindy/Content/Audio/Metasounds/Sources/MS_FOL_PLY_Movement_Impacts.uasset" 1598
"D:/Babys2ndAnnihilation/BitWindy/Content/Audio/Metasounds/Sources/MS_FOL_PLY_Movement_Impacts.uexp" 1599
"D:/Babys2ndAnnihilation/BitWindy/Content/3D_Assets/Characters/Player/Animations/Locomotion/AS_Standing_Jump.uasset" 1600
"D:/Babys2ndAnnihilation/BitWindy/Content/3D_Assets/Characters/Player/Animations/Locomotion/AS_Standing_Jump.uexp" 1601
"D:/Babys2ndAnnihilation/BitWindy/Content/3D_Assets/Characters/Player/Animations/Locomotion/falling_idle.uasset" 1602
"D:/Babys2ndAnnihilation/BitWindy/Content/3D_Assets/Characters/Player/Animations/Locomotion/falling_idle.uexp" 1603
"D:/Babys2ndAnnihilation/BitWindy/Content/Audio/SoundFiles/Foley/Player/Clothes/BFA_FOL_Cloth_Walking_01.ubulk" 1604
"D:/Babys2ndAnnihilation/BitWindy/Content/Audio/SoundFiles/Foley/Player/Clothes/BFA_FOL_Cloth_Walking_01.uasset" 1605
"D:/Babys2ndAnnihilation/BitWindy/Content/Audio/SoundFiles/Foley/Player/Clothes/BFA_FOL_Cloth_Walking_01.uexp" 1606
"D:/Babys2ndAnnihilation/BitWindy/Content/Audio/SoundFiles/Foley/Player/Clothes/BFA_FOL_Cloth_Walking_02.ubulk" 1607
"D:/Babys2ndAnnihilation/BitWindy/Content/Audio/SoundFiles/Foley/Player/Clothes/BFA_FOL_Cloth_Walking_02.uasset" 1608
"D:/Babys2ndAnnihilation/BitWindy/Content/Audio/SoundFiles/Foley/Player/Clothes/BFA_FOL_Cloth_Walking_02.uexp" 1609
"D:/Babys2ndAnnihilation/BitWindy/Content/Audio/SoundFiles/Foley/Player/Clothes/BFA_FOL_Cloth_Walking_03.ubulk" 1610
"D:/Babys2ndAnnihilation/BitWindy/Content/Audio/SoundFiles/Foley/Player/Clothes/BFA_FOL_Cloth_Walking_03.uasset" 1611
"D:/Babys2ndAnnihilation/BitWindy/Content/Audio/SoundFiles/Foley/Player/Clothes/BFA_FOL_Cloth_Walking_03.uexp" 1612
"D:/Babys2ndAnnihilation/BitWindy/Content/Audio/SoundFiles/Foley/Player/Clothes/BFA_FOL_Cloth_Walking_04.ubulk" 1613
"D:/Babys2ndAnnihilation/BitWindy/Content/Audio/SoundFiles/Foley/Player/Clothes/BFA_FOL_Cloth_Walking_04.uasset" 1614
"D:/Babys2ndAnnihilation/BitWindy/Content/Audio/SoundFiles/Foley/Player/Clothes/BFA_FOL_Cloth_Walking_04.uexp" 1615
"D:/Babys2ndAnnihilation/BitWindy/Content/Audio/SoundFiles/Foley/Player/Clothes/BFA_FOL_Cloth_Walking_05.ubulk" 1616
"D:/Babys2ndAnnihilation/BitWindy/Content/Audio/SoundFiles/Foley/Player/Clothes/BFA_FOL_Cloth_Walking_05.uasset" 1617
"D:/Babys2ndAnnihilation/BitWindy/Content/Audio/SoundFiles/Foley/Player/Clothes/BFA_FOL_Cloth_Walking_05.uexp" 1618
"D:/Babys2ndAnnihilation/BitWindy/Content/Audio/Metasounds/Sources/MS_FOL_PLY_Movement_Cloth_Walk.uasset" 1619
"D:/Babys2ndAnnihilation/BitWindy/Content/Audio/Metasounds/Sources/MS_FOL_PLY_Movement_Cloth_Walk.uexp" 1620
"D:/Babys2ndAnnihilation/BitWindy/Content/Audio/SoundFiles/Dialogue/Player/BFA_DLG_Exclamation_01.ubulk" 1621
"D:/Babys2ndAnnihilation/BitWindy/Content/Audio/SoundFiles/Dialogue/Player/BFA_DLG_Exclamation_01.uasset" 1622
"D:/Babys2ndAnnihilation/BitWindy/Content/Audio/SoundFiles/Dialogue/Player/BFA_DLG_Exclamation_01.uexp" 1623
"D:/Babys2ndAnnihilation/BitWindy/Content/Audio/SoundFiles/Dialogue/Player/BFA_DLG_Exclamation_02.ubulk" 1624
"D:/Babys2ndAnnihilation/BitWindy/Content/Audio/SoundFiles/Dialogue/Player/BFA_DLG_Exclamation_02.uasset" 1625
"D:/Babys2ndAnnihilation/BitWindy/Content/Audio/SoundFiles/Dialogue/Player/BFA_DLG_Exclamation_02.uexp" 1626
"D:/Babys2ndAnnihilation/BitWindy/Content/Audio/SoundFiles/Dialogue/Player/BFA_DLG_Exclamation_03.ubulk" 1627
"D:/Babys2ndAnnihilation/BitWindy/Content/Audio/SoundFiles/Dialogue/Player/BFA_DLG_Exclamation_03.uasset" 1628
"D:/Babys2ndAnnihilation/BitWindy/Content/Audio/SoundFiles/Dialogue/Player/BFA_DLG_Exclamation_03.uexp" 1629
"D:/Babys2ndAnnihilation/BitWindy/Content/Audio/SoundFiles/Dialogue/Player/BFA_DLG_Exclamation_04.ubulk" 1630
"D:/Babys2ndAnnihilation/BitWindy/Content/Audio/SoundFiles/Dialogue/Player/BFA_DLG_Exclamation_04.uasset" 1631
"D:/Babys2ndAnnihilation/BitWindy/Content/Audio/SoundFiles/Dialogue/Player/BFA_DLG_Exclamation_04.uexp" 1632
"D:/Babys2ndAnnihilation/BitWindy/Content/Audio/SoundFiles/Dialogue/Player/BFA_DLG_Exclamation_05.ubulk" 1633
"D:/Babys2ndAnnihilation/BitWindy/Content/Audio/SoundFiles/Dialogue/Player/BFA_DLG_Exclamation_05.uasset" 1634
"D:/Babys2ndAnnihilation/BitWindy/Content/Audio/SoundFiles/Dialogue/Player/BFA_DLG_Exclamation_05.uexp" 1635
"D:/Babys2ndAnnihilation/BitWindy/Content/Audio/Metasounds/Sources/MS_DLG_PLY_Player_Exclamations_Jump.uasset" 1636
"D:/Babys2ndAnnihilation/BitWindy/Content/Audio/Metasounds/Sources/MS_DLG_PLY_Player_Exclamations_Jump.uexp" 1637
"D:/Babys2ndAnnihilation/BitWindy/Content/3D_Assets/Characters/Player/Animations/Locomotion/jumping_up.uasset" 1638
"D:/Babys2ndAnnihilation/BitWindy/Content/3D_Assets/Characters/Player/Animations/Locomotion/jumping_up.uexp" 1639
"D:/Babys2ndAnnihilation/BitWindy/Content/3D_Assets/Characters/Player/ABP_Char_Player.uasset" 1640
"D:/Babys2ndAnnihilation/BitWindy/Content/3D_Assets/Characters/Player/ABP_Char_Player.uexp" 1641
"D:/Babys2ndAnnihilation/BitWindy/Content/Weapons/GrenadeLauncher/Textures/T_FPGun_N.ubulk" 1642
"D:/Babys2ndAnnihilation/BitWindy/Content/Weapons/GrenadeLauncher/Textures/T_FPGun_N.uasset" 1643
"D:/Babys2ndAnnihilation/BitWindy/Content/Weapons/GrenadeLauncher/Textures/T_FPGun_N.uexp" 1644
"D:/Babys2ndAnnihilation/BitWindy/Content/Weapons/GrenadeLauncher/Textures/T_FPGun_M.ubulk" 1645
"D:/Babys2ndAnnihilation/BitWindy/Content/Weapons/GrenadeLauncher/Textures/T_FPGun_M.uasset" 1646
"D:/Babys2ndAnnihilation/BitWindy/Content/Weapons/GrenadeLauncher/Textures/T_FPGun_M.uexp" 1647
"D:/Babys2ndAnnihilation/BitWindy/Content/Weapons/GrenadeLauncher/Materials/M_GrenadeLauncher.uasset" 1648
"D:/Babys2ndAnnihilation/BitWindy/Content/Weapons/GrenadeLauncher/Materials/M_GrenadeLauncher.uexp" 1649
"D:/Babys2ndAnnihilation/BitWindy/Content/Weapons/GrenadeLauncher/Meshes/SK_GrenadeLauncher.uasset" 1650
"D:/Babys2ndAnnihilation/BitWindy/Content/Weapons/GrenadeLauncher/Meshes/SK_GrenadeLauncher.uexp" 1651
"D:/Babys2ndAnnihilation/BitWindy/Content/Weapons/GrenadeLauncher/Meshes/PA_GrenadeLauncher.uasset" 1652
"D:/Babys2ndAnnihilation/BitWindy/Content/Weapons/GrenadeLauncher/Meshes/PA_GrenadeLauncher.uexp" 1653
"D:/Babys2ndAnnihilation/BitWindy/Content/Weapons/GrenadeLauncher/Meshes/SKM_GrenadeLauncher.uasset" 1654
"D:/Babys2ndAnnihilation/BitWindy/Content/Weapons/GrenadeLauncher/Meshes/SKM_GrenadeLauncher.uexp" 1655
"D:/Babys2ndAnnihilation/BitWindy/Content/Variant_Shooter/Blueprints/Pickups/Weapons/BP_ShooterWeapon_GrenadeLauncher.uasset" 1656
"D:/Babys2ndAnnihilation/BitWindy/Content/Variant_Shooter/Blueprints/Pickups/Weapons/BP_ShooterWeapon_GrenadeLauncher.uexp" 1657
"D:/Babys2ndAnnihilation/BitWindy/Content/Blueprints/GameArchitecture/BPI_TowerDefenseGameMode.uasset" 1658
"D:/Babys2ndAnnihilation/BitWindy/Content/Blueprints/GameArchitecture/BPI_TowerDefenseGameMode.uexp" 1659
"D:/Babys2ndAnnihilation/BitWindy/Content/3D_Assets/Characters/Player/Animations/Locomotion/Dance/flair__3_.uasset" 1660
"D:/Babys2ndAnnihilation/BitWindy/Content/3D_Assets/Characters/Player/Animations/Locomotion/Dance/flair__3_.uexp" 1661
"D:/Babys2ndAnnihilation/BitWindy/Content/3D_Assets/Characters/Player/Animations/Locomotion/Dance/flair__2_.uasset" 1662
"D:/Babys2ndAnnihilation/BitWindy/Content/3D_Assets/Characters/Player/Animations/Locomotion/Dance/flair__2_.uexp" 1663
"D:/Babys2ndAnnihilation/BitWindy/Content/3D_Assets/Characters/Player/Animations/Locomotion/Dance/flair.uasset" 1664
"D:/Babys2ndAnnihilation/BitWindy/Content/3D_Assets/Characters/Player/Animations/Locomotion/Dance/flair.uexp" 1665
"D:/Babys2ndAnnihilation/BitWindy/Content/3D_Assets/Characters/Player/Animations/Locomotion/Dance/crossleg_freeze.uasset" 1666
"D:/Babys2ndAnnihilation/BitWindy/Content/3D_Assets/Characters/Player/Animations/Locomotion/Dance/crossleg_freeze.uexp" 1667
"D:/Babys2ndAnnihilation/BitWindy/Content/3D_Assets/Characters/Player/Animations/Locomotion/Dance/brooklyn_uprock.uasset" 1668
"D:/Babys2ndAnnihilation/BitWindy/Content/3D_Assets/Characters/Player/Animations/Locomotion/Dance/brooklyn_uprock.uexp" 1669
"D:/Babys2ndAnnihilation/BitWindy/Content/3D_Assets/Characters/Player/Animations/Locomotion/Dance/breakdance_uprock__2_.uasset" 1670
"D:/Babys2ndAnnihilation/BitWindy/Content/3D_Assets/Characters/Player/Animations/Locomotion/Dance/breakdance_uprock__2_.uexp" 1671
"D:/Babys2ndAnnihilation/BitWindy/Content/3D_Assets/Characters/Player/Animations/Locomotion/Dance/breakdance_uprock_var_1.uasset" 1672
"D:/Babys2ndAnnihilation/BitWindy/Content/3D_Assets/Characters/Player/Animations/Locomotion/Dance/breakdance_uprock_var_1.uexp" 1673
"D:/Babys2ndAnnihilation/BitWindy/Content/3D_Assets/Characters/Player/Animations/Locomotion/Dance/breakdance_uprock_var_2.uasset" 1674
"D:/Babys2ndAnnihilation/BitWindy/Content/3D_Assets/Characters/Player/Animations/Locomotion/Dance/breakdance_uprock_var_2.uexp" 1675
"D:/Babys2ndAnnihilation/BitWindy/Content/3D_Assets/Characters/Player/Animations/Locomotion/Dance/breakdance_uprock_var_1_start.uasset" 1676
"D:/Babys2ndAnnihilation/BitWindy/Content/3D_Assets/Characters/Player/Animations/Locomotion/Dance/breakdance_uprock_var_1_start.uexp" 1677
"D:/Babys2ndAnnihilation/BitWindy/Content/3D_Assets/Characters/Player/Animations/Locomotion/Dance/breakdance_uprock_var_1_end.uasset" 1678
"D:/Babys2ndAnnihilation/BitWindy/Content/3D_Assets/Characters/Player/Animations/Locomotion/Dance/breakdance_uprock_var_1_end.uexp" 1679
"D:/Babys2ndAnnihilation/BitWindy/Content/3D_Assets/Characters/Player/Animations/Locomotion/Dance/breakdance_uprock_to_ground__2_.uasset" 1680
"D:/Babys2ndAnnihilation/BitWindy/Content/3D_Assets/Characters/Player/Animations/Locomotion/Dance/breakdance_uprock_to_ground__2_.uexp" 1681
"D:/Babys2ndAnnihilation/BitWindy/Content/3D_Assets/Characters/Player/Animations/Locomotion/Dance/breakdance_uprock_to_ground.uasset" 1682
"D:/Babys2ndAnnihilation/BitWindy/Content/3D_Assets/Characters/Player/Animations/Locomotion/Dance/breakdance_uprock_to_ground.uexp" 1683
"D:/Babys2ndAnnihilation/BitWindy/Content/3D_Assets/Characters/Player/Animations/Locomotion/Dance/breakdance_uprock.uasset" 1684
"D:/Babys2ndAnnihilation/BitWindy/Content/3D_Assets/Characters/Player/Animations/Locomotion/Dance/breakdance_uprock.uexp" 1685
"D:/Babys2ndAnnihilation/BitWindy/Content/3D_Assets/Characters/Player/Animations/Locomotion/Dance/breakdance_swipes.uasset" 1686
"D:/Babys2ndAnnihilation/BitWindy/Content/3D_Assets/Characters/Player/Animations/Locomotion/Dance/breakdance_swipes.uexp" 1687
"D:/Babys2ndAnnihilation/BitWindy/Content/3D_Assets/Characters/Player/Animations/Locomotion/Dance/breakdance_ready__3_.uasset" 1688
"D:/Babys2ndAnnihilation/BitWindy/Content/3D_Assets/Characters/Player/Animations/Locomotion/Dance/breakdance_ready__3_.uexp" 1689
"D:/Babys2ndAnnihilation/BitWindy/Content/3D_Assets/Characters/Player/Animations/Locomotion/Dance/breakdance_ready__2_.uasset" 1690
"D:/Babys2ndAnnihilation/BitWindy/Content/3D_Assets/Characters/Player/Animations/Locomotion/Dance/breakdance_ready__2_.uexp" 1691
"D:/Babys2ndAnnihilation/BitWindy/Content/3D_Assets/Characters/Player/Animations/Locomotion/Dance/breakdance_ready.uasset" 1692
"D:/Babys2ndAnnihilation/BitWindy/Content/3D_Assets/Characters/Player/Animations/Locomotion/Dance/breakdance_ready.uexp" 1693
"D:/Babys2ndAnnihilation/BitWindy/Content/3D_Assets/Characters/Player/Animations/Locomotion/Dance/breakdance_freeze_var_1.uasset" 1694
"D:/Babys2ndAnnihilation/BitWindy/Content/3D_Assets/Characters/Player/Animations/Locomotion/Dance/breakdance_freeze_var_1.uexp" 1695
"D:/Babys2ndAnnihilation/BitWindy/Content/3D_Assets/Characters/Player/Animations/Locomotion/Dance/breakdance_freeze_var_2.uasset" 1696
"D:/Babys2ndAnnihilation/BitWindy/Content/3D_Assets/Characters/Player/Animations/Locomotion/Dance/breakdance_freeze_var_2.uexp" 1697
"D:/Babys2ndAnnihilation/BitWindy/Content/3D_Assets/Characters/Player/Animations/Locomotion/Dance/breakdance_freeze_var_3.uasset" 1698
"D:/Babys2ndAnnihilation/BitWindy/Content/3D_Assets/Characters/Player/Animations/Locomotion/Dance/breakdance_freeze_var_3.uexp" 1699
"D:/Babys2ndAnnihilation/BitWindy/Content/3D_Assets/Characters/Player/Animations/Locomotion/Dance/breakdance_freeze_var_4.uasset" 1700
"D:/Babys2ndAnnihilation/BitWindy/Content/3D_Assets/Characters/Player/Animations/Locomotion/Dance/breakdance_freeze_var_4.uexp" 1701
"D:/Babys2ndAnnihilation/BitWindy/Content/3D_Assets/Characters/Player/Animations/Locomotion/Dance/breakdance_freezes.uasset" 1702
"D:/Babys2ndAnnihilation/BitWindy/Content/3D_Assets/Characters/Player/Animations/Locomotion/Dance/breakdance_freezes.uexp" 1703
"D:/Babys2ndAnnihilation/BitWindy/Content/3D_Assets/Characters/Player/Animations/Locomotion/Dance/breakdance_footwork_to_idle__2_.uasset" 1704
"D:/Babys2ndAnnihilation/BitWindy/Content/3D_Assets/Characters/Player/Animations/Locomotion/Dance/breakdance_footwork_to_idle__2_.uexp" 1705
"D:/Babys2ndAnnihilation/BitWindy/Content/3D_Assets/Characters/Player/Animations/Locomotion/Dance/breakdance_footwork_to_idle.uasset" 1706
"D:/Babys2ndAnnihilation/BitWindy/Content/3D_Assets/Characters/Player/Animations/Locomotion/Dance/breakdance_footwork_to_idle.uexp" 1707
"D:/Babys2ndAnnihilation/BitWindy/Content/3D_Assets/Characters/Player/Animations/Locomotion/Dance/breakdance_footwork_to_freeze.uasset" 1708
"D:/Babys2ndAnnihilation/BitWindy/Content/3D_Assets/Characters/Player/Animations/Locomotion/Dance/breakdance_footwork_to_freeze.uexp" 1709
"D:/Babys2ndAnnihilation/BitWindy/Content/3D_Assets/Characters/Player/Animations/Locomotion/Dance/breakdance_footwork_1.uasset" 1710
"D:/Babys2ndAnnihilation/BitWindy/Content/3D_Assets/Characters/Player/Animations/Locomotion/Dance/breakdance_footwork_1.uexp" 1711
"D:/Babys2ndAnnihilation/BitWindy/Content/3D_Assets/Characters/Player/Animations/Locomotion/Dance/breakdance_footwork_2.uasset" 1712
"D:/Babys2ndAnnihilation/BitWindy/Content/3D_Assets/Characters/Player/Animations/Locomotion/Dance/breakdance_footwork_2.uexp" 1713
"D:/Babys2ndAnnihilation/BitWindy/Content/3D_Assets/Characters/Player/Animations/Locomotion/Dance/breakdance_footwork_3.uasset" 1714
"D:/Babys2ndAnnihilation/BitWindy/Content/3D_Assets/Characters/Player/Animations/Locomotion/Dance/breakdance_footwork_3.uexp" 1715
"D:/Babys2ndAnnihilation/BitWindy/Content/3D_Assets/Characters/Player/Animations/Locomotion/Dance/breakdance_ending_1.uasset" 1716
"D:/Babys2ndAnnihilation/BitWindy/Content/3D_Assets/Characters/Player/Animations/Locomotion/Dance/breakdance_ending_1.uexp" 1717
"D:/Babys2ndAnnihilation/BitWindy/Content/3D_Assets/Characters/Player/Animations/Locomotion/Dance/breakdance_ending_2.uasset" 1718
"D:/Babys2ndAnnihilation/BitWindy/Content/3D_Assets/Characters/Player/Animations/Locomotion/Dance/breakdance_ending_2.uexp" 1719
"D:/Babys2ndAnnihilation/BitWindy/Content/3D_Assets/Characters/Player/Animations/Locomotion/Dance/breakdance_ending_3.uasset" 1720
"D:/Babys2ndAnnihilation/BitWindy/Content/3D_Assets/Characters/Player/Animations/Locomotion/Dance/breakdance_ending_3.uexp" 1721
"D:/Babys2ndAnnihilation/BitWindy/Content/3D_Assets/Characters/Player/Animations/Locomotion/Dance/breakdance_1990__3_.uasset" 1722
"D:/Babys2ndAnnihilation/BitWindy/Content/3D_Assets/Characters/Player/Animations/Locomotion/Dance/breakdance_1990__3_.uexp" 1723
"D:/Babys2ndAnnihilation/BitWindy/Content/3D_Assets/Characters/Player/Animations/Locomotion/Dance/breakdance_1990__2_.uasset" 1724
"D:/Babys2ndAnnihilation/BitWindy/Content/3D_Assets/Characters/Player/Animations/Locomotion/Dance/breakdance_1990__2_.uexp" 1725
"D:/Babys2ndAnnihilation/BitWindy/Content/3D_Assets/Characters/Player/Animations/Locomotion/Dance/breakdance_1990.uasset" 1726
"D:/Babys2ndAnnihilation/BitWindy/Content/3D_Assets/Characters/Player/Animations/Locomotion/Dance/breakdance_1990.uexp" 1727
"D:/Babys2ndAnnihilation/BitWindy/Content/3D_Assets/Characters/Player/Animations/Locomotion/Dance/AM_Char_Enemy_breakdance.uasset" 1728
"D:/Babys2ndAnnihilation/BitWindy/Content/3D_Assets/Characters/Player/Animations/Locomotion/Dance/AM_Char_Enemy_breakdance.uexp" 1729
"D:/Babys2ndAnnihilation/BitWindy/Content/3D_Assets/Characters/Player/Materials/Textures/T_Baby_Gun.ubulk" 1730
"D:/Babys2ndAnnihilation/BitWindy/Content/3D_Assets/Characters/Player/Materials/Textures/T_Baby_Gun.uasset" 1731
"D:/Babys2ndAnnihilation/BitWindy/Content/3D_Assets/Characters/Player/Materials/Textures/T_Baby_Gun.uexp" 1732
"D:/Babys2ndAnnihilation/BitWindy/Content/3D_Assets/Characters/Player/Materials/M_Baby_Gun_Mat.uasset" 1733
"D:/Babys2ndAnnihilation/BitWindy/Content/3D_Assets/Characters/Player/Materials/M_Baby_Gun_Mat.uexp" 1734
"D:/Babys2ndAnnihilation/BitWindy/Content/3D_Assets/Characters/Player/Materials/MaterialInstances/MI_Baby_Gun.uasset" 1735
"D:/Babys2ndAnnihilation/BitWindy/Content/3D_Assets/Characters/Player/Materials/MaterialInstances/MI_Baby_Gun.uexp" 1736
"D:/Babys2ndAnnihilation/BitWindy/Content/3D_Assets/Characters/Player/Materials/Textures/T_Baby_MainBlue.ubulk" 1737
"D:/Babys2ndAnnihilation/BitWindy/Content/3D_Assets/Characters/Player/Materials/Textures/T_Baby_MainBlue.uasset" 1738
"D:/Babys2ndAnnihilation/BitWindy/Content/3D_Assets/Characters/Player/Materials/Textures/T_Baby_MainBlue.uexp" 1739
"D:/Babys2ndAnnihilation/BitWindy/Content/3D_Assets/Characters/Player/Materials/M_Baby_MainBlue_Mat.uasset" 1740
"D:/Babys2ndAnnihilation/BitWindy/Content/3D_Assets/Characters/Player/Materials/M_Baby_MainBlue_Mat.uexp" 1741
"D:/Babys2ndAnnihilation/BitWindy/Content/3D_Assets/Characters/Player/Materials/MaterialInstances/MI_Baby_MainBlue.uasset" 1742
"D:/Babys2ndAnnihilation/BitWindy/Content/3D_Assets/Characters/Player/Materials/MaterialInstances/MI_Baby_MainBlue.uexp" 1743
"D:/Babys2ndAnnihilation/BitWindy/Content/3D_Assets/Characters/Player/Materials/Textures/T_Baby_ScarfBlue.ubulk" 1744
"D:/Babys2ndAnnihilation/BitWindy/Content/3D_Assets/Characters/Player/Materials/Textures/T_Baby_ScarfBlue.uasset" 1745
"D:/Babys2ndAnnihilation/BitWindy/Content/3D_Assets/Characters/Player/Materials/Textures/T_Baby_ScarfBlue.uexp" 1746
"D:/Babys2ndAnnihilation/BitWindy/Content/3D_Assets/Characters/Player/Materials/M_Baby_ScarfBlue_Mat.uasset" 1747
"D:/Babys2ndAnnihilation/BitWindy/Content/3D_Assets/Characters/Player/Materials/M_Baby_ScarfBlue_Mat.uexp" 1748
"D:/Babys2ndAnnihilation/BitWindy/Content/3D_Assets/Characters/Player/Materials/MaterialInstances/MI_Baby_ScarfBlue.uasset" 1749
"D:/Babys2ndAnnihilation/BitWindy/Content/3D_Assets/Characters/Player/Materials/MaterialInstances/MI_Baby_ScarfBlue.uexp" 1750
"D:/Babys2ndAnnihilation/BitWindy/Content/3D_Assets/Characters/Player/SK_Char_Player_Physics.uasset" 1751
"D:/Babys2ndAnnihilation/BitWindy/Content/3D_Assets/Characters/Player/SK_Char_Player_Physics.uexp" 1752
"D:/Babys2ndAnnihilation/BitWindy/Content/3D_Assets/Characters/Player/Materials/Textures/T_Baby_BackPack.ubulk" 1753
"D:/Babys2ndAnnihilation/BitWindy/Content/3D_Assets/Characters/Player/Materials/Textures/T_Baby_BackPack.uasset" 1754
"D:/Babys2ndAnnihilation/BitWindy/Content/3D_Assets/Characters/Player/Materials/Textures/T_Baby_BackPack.uexp" 1755
"D:/Babys2ndAnnihilation/BitWindy/Content/3D_Assets/Characters/Player/Materials/M_Baby_BackPack_Mat.uasset" 1756
"D:/Babys2ndAnnihilation/BitWindy/Content/3D_Assets/Characters/Player/Materials/M_Baby_BackPack_Mat.uexp" 1757
"D:/Babys2ndAnnihilation/BitWindy/Content/3D_Assets/Characters/Player/Materials/MaterialInstances/MI_Baby_BackPack.uasset" 1758
"D:/Babys2ndAnnihilation/BitWindy/Content/3D_Assets/Characters/Player/Materials/MaterialInstances/MI_Baby_BackPack.uexp" 1759
"D:/Babys2ndAnnihilation/BitWindy/Content/3D_Assets/Characters/Player/PHYS_SK_Char_Player_Physics.uasset" 1760
"D:/Babys2ndAnnihilation/BitWindy/Content/3D_Assets/Characters/Player/PHYS_SK_Char_Player_Physics.uexp" 1761
"D:/Babys2ndAnnihilation/BitWindy/Content/3D_Assets/Characters/Player/SK_Char_Player.uasset" 1762
"D:/Babys2ndAnnihilation/BitWindy/Content/3D_Assets/Characters/Player/SK_Char_Player.uexp" 1763
"D:/Babys2ndAnnihilation/BitWindy/Content/UI/Widgets/WB_PauseMenu.uasset" 1764
"D:/Babys2ndAnnihilation/BitWindy/Content/UI/Widgets/WB_PauseMenu.uexp" 1765
"D:/Babys2ndAnnihilation/BitWindy/Content/Variant_Shooter/Blueprints/Pickups/BPI_Pickups.uasset" 1766
"D:/Babys2ndAnnihilation/BitWindy/Content/Variant_Shooter/Blueprints/Pickups/BPI_Pickups.uexp" 1767
"D:/Babys2ndAnnihilation/BitWindy/Content/UI/Widgets/WB_UserInfo.uasset" 1768
"D:/Babys2ndAnnihilation/BitWindy/Content/UI/Widgets/WB_UserInfo.uexp" 1769
"D:/Babys2ndAnnihilation/BitWindy/Content/Variant_Shooter/Blueprints/BP_ShooterCharacter.uasset" 1770
"D:/Babys2ndAnnihilation/BitWindy/Content/Variant_Shooter/Blueprints/BP_ShooterCharacter.uexp" 1771
"D:/Babys2ndAnnihilation/BitWindy/Content/Variant_Shooter/Blueprints/AI/BPI_InitTowerDefenseEnemy.uasset" 1772
"D:/Babys2ndAnnihilation/BitWindy/Content/Variant_Shooter/Blueprints/AI/BPI_InitTowerDefenseEnemy.uexp" 1773
"D:/Babys2ndAnnihilation/BitWindy/Content/Audio/Attenuations/SA_Amb_Charge.uasset" 1774
"D:/Babys2ndAnnihilation/BitWindy/Content/Audio/Attenuations/SA_Amb_Charge.uexp" 1775
"D:/Babys2ndAnnihilation/BitWindy/Content/Audio/SoundFiles/Ambience/One-Shot/BFA_AMB_NPC_Charge_01.ubulk" 1776
"D:/Babys2ndAnnihilation/BitWindy/Content/Audio/SoundFiles/Ambience/One-Shot/BFA_AMB_NPC_Charge_01.uasset" 1777
"D:/Babys2ndAnnihilation/BitWindy/Content/Audio/SoundFiles/Ambience/One-Shot/BFA_AMB_NPC_Charge_01.uexp" 1778
"D:/Babys2ndAnnihilation/BitWindy/Content/Audio/SoundFiles/Ambience/One-Shot/BFA_AMB_NPC_Charge_02.ubulk" 1779
"D:/Babys2ndAnnihilation/BitWindy/Content/Audio/SoundFiles/Ambience/One-Shot/BFA_AMB_NPC_Charge_02.uasset" 1780
"D:/Babys2ndAnnihilation/BitWindy/Content/Audio/SoundFiles/Ambience/One-Shot/BFA_AMB_NPC_Charge_02.uexp" 1781
"D:/Babys2ndAnnihilation/BitWindy/Content/Audio/SoundFiles/Ambience/One-Shot/BFA_AMB_NPC_Charge_03.ubulk" 1782
"D:/Babys2ndAnnihilation/BitWindy/Content/Audio/SoundFiles/Ambience/One-Shot/BFA_AMB_NPC_Charge_03.uasset" 1783
"D:/Babys2ndAnnihilation/BitWindy/Content/Audio/SoundFiles/Ambience/One-Shot/BFA_AMB_NPC_Charge_03.uexp" 1784
"D:/Babys2ndAnnihilation/BitWindy/Content/Audio/SoundFiles/Ambience/One-Shot/BFA_AMB_NPC_Charge_04.ubulk" 1785
"D:/Babys2ndAnnihilation/BitWindy/Content/Audio/SoundFiles/Ambience/One-Shot/BFA_AMB_NPC_Charge_04.uasset" 1786
"D:/Babys2ndAnnihilation/BitWindy/Content/Audio/SoundFiles/Ambience/One-Shot/BFA_AMB_NPC_Charge_04.uexp" 1787
"D:/Babys2ndAnnihilation/BitWindy/Content/Audio/SoundFiles/Ambience/One-Shot/BFA_AMB_NPC_Charge_05.ubulk" 1788
"D:/Babys2ndAnnihilation/BitWindy/Content/Audio/SoundFiles/Ambience/One-Shot/BFA_AMB_NPC_Charge_05.uasset" 1789
"D:/Babys2ndAnnihilation/BitWindy/Content/Audio/SoundFiles/Ambience/One-Shot/BFA_AMB_NPC_Charge_05.uexp" 1790
"D:/Babys2ndAnnihilation/BitWindy/Content/Audio/SoundFiles/Ambience/One-Shot/BFA_AMB_NPC_Charge_06.ubulk" 1791
"D:/Babys2ndAnnihilation/BitWindy/Content/Audio/SoundFiles/Ambience/One-Shot/BFA_AMB_NPC_Charge_06.uasset" 1792
"D:/Babys2ndAnnihilation/BitWindy/Content/Audio/SoundFiles/Ambience/One-Shot/BFA_AMB_NPC_Charge_06.uexp" 1793
"D:/Babys2ndAnnihilation/BitWindy/Content/Audio/SoundFiles/Ambience/One-Shot/BFA_AMB_NPC_Charge_07.ubulk" 1794
"D:/Babys2ndAnnihilation/BitWindy/Content/Audio/SoundFiles/Ambience/One-Shot/BFA_AMB_NPC_Charge_07.uasset" 1795
"D:/Babys2ndAnnihilation/BitWindy/Content/Audio/SoundFiles/Ambience/One-Shot/BFA_AMB_NPC_Charge_07.uexp" 1796
"D:/Babys2ndAnnihilation/BitWindy/Content/Audio/Metasounds/Sources/MS_AMB_NPC_Charge.uasset" 1797
"D:/Babys2ndAnnihilation/BitWindy/Content/Audio/Metasounds/Sources/MS_AMB_NPC_Charge.uexp" 1798
"D:/Babys2ndAnnihilation/BitWindy/Content/sA_PickupSet_1/Models/SM_Coin_1.ubulk" 1799
"D:/Babys2ndAnnihilation/BitWindy/Content/sA_PickupSet_1/Models/SM_Coin_1.uasset" 1800
"D:/Babys2ndAnnihilation/BitWindy/Content/sA_PickupSet_1/Models/SM_Coin_1.uexp" 1801
"D:/Babys2ndAnnihilation/BitWindy/Content/sA_PickupSet_1/Materials/M_Master_MetalFX.uasset" 1802
"D:/Babys2ndAnnihilation/BitWindy/Content/sA_PickupSet_1/Materials/M_Master_MetalFX.uexp" 1803
"D:/Babys2ndAnnihilation/BitWindy/Content/sA_PickupSet_1/Materials/MI_Coin_1.uasset" 1804
"D:/Babys2ndAnnihilation/BitWindy/Content/sA_PickupSet_1/Materials/MI_Coin_1.uexp" 1805
"D:/Babys2ndAnnihilation/BitWindy/Content/sA_PickupSet_1/Fx/NiagaraSystems/NS_CoinBurst2.uasset" 1806
"D:/Babys2ndAnnihilation/BitWindy/Content/sA_PickupSet_1/Fx/NiagaraSystems/NS_CoinBurst2.uexp" 1807
"D:/Babys2ndAnnihilation/BitWindy/Content/Blueprints/BP_EnemySpawner.uasset" 1808
"D:/Babys2ndAnnihilation/BitWindy/Content/Blueprints/BP_EnemySpawner.uexp" 1809
"D:/Babys2ndAnnihilation/BitWindy/Content/Blueprints/GameArchitecture/BP_SpawnerBucket.uasset" 1810
"D:/Babys2ndAnnihilation/BitWindy/Content/Blueprints/GameArchitecture/BP_SpawnerBucket.uexp" 1811
"D:/Babys2ndAnnihilation/BitWindy/Content/Blueprints/BP_EnemySpawnerManager.uasset" 1812
"D:/Babys2ndAnnihilation/BitWindy/Content/Blueprints/BP_EnemySpawnerManager.uexp" 1813
"D:/Babys2ndAnnihilation/BitWindy/Content/3D_Assets/Characters/Enemy/SK_Char_Enemy_Physics.uasset" 1814
"D:/Babys2ndAnnihilation/BitWindy/Content/3D_Assets/Characters/Enemy/SK_Char_Enemy_Physics.uexp" 1815
"D:/Babys2ndAnnihilation/BitWindy/Content/3D_Assets/Characters/Player/Materials/Textures/T_Baby_MainTex.ubulk" 1816
"D:/Babys2ndAnnihilation/BitWindy/Content/3D_Assets/Characters/Player/Materials/Textures/T_Baby_MainTex.uasset" 1817
"D:/Babys2ndAnnihilation/BitWindy/Content/3D_Assets/Characters/Player/Materials/Textures/T_Baby_MainTex.uexp" 1818
"D:/Babys2ndAnnihilation/BitWindy/Content/3D_Assets/Characters/Player/Materials/M_Baby_MainTex.uasset" 1819
"D:/Babys2ndAnnihilation/BitWindy/Content/3D_Assets/Characters/Player/Materials/M_Baby_MainTex.uexp" 1820
"D:/Babys2ndAnnihilation/BitWindy/Content/3D_Assets/Characters/Player/Materials/MaterialInstances/MI_Baby_MainTex.uasset" 1821
"D:/Babys2ndAnnihilation/BitWindy/Content/3D_Assets/Characters/Player/Materials/MaterialInstances/MI_Baby_MainTex.uexp" 1822
"D:/Babys2ndAnnihilation/BitWindy/Content/3D_Assets/Characters/Player/Materials/Textures/T_Baby_Scarf.ubulk" 1823
"D:/Babys2ndAnnihilation/BitWindy/Content/3D_Assets/Characters/Player/Materials/Textures/T_Baby_Scarf.uasset" 1824
"D:/Babys2ndAnnihilation/BitWindy/Content/3D_Assets/Characters/Player/Materials/Textures/T_Baby_Scarf.uexp" 1825
"D:/Babys2ndAnnihilation/BitWindy/Content/3D_Assets/Characters/Player/Materials/M_Baby_Scarf.uasset" 1826
"D:/Babys2ndAnnihilation/BitWindy/Content/3D_Assets/Characters/Player/Materials/M_Baby_Scarf.uexp" 1827
"D:/Babys2ndAnnihilation/BitWindy/Content/3D_Assets/Characters/Player/Materials/MaterialInstances/MI_Baby_Scarf.uasset" 1828
"D:/Babys2ndAnnihilation/BitWindy/Content/3D_Assets/Characters/Player/Materials/MaterialInstances/MI_Baby_Scarf.uexp" 1829
"D:/Babys2ndAnnihilation/BitWindy/Content/3D_Assets/Characters/Enemy/SK_Char_Enemy.uasset" 1830
"D:/Babys2ndAnnihilation/BitWindy/Content/3D_Assets/Characters/Enemy/SK_Char_Enemy.uexp" 1831
"D:/Babys2ndAnnihilation/BitWindy/Content/3D_Assets/Characters/Enemy/AS_Char_Enemy_Throw.uasset" 1832
"D:/Babys2ndAnnihilation/BitWindy/Content/3D_Assets/Characters/Enemy/AS_Char_Enemy_Throw.uexp" 1833
"D:/Babys2ndAnnihilation/BitWindy/Content/3D_Assets/Characters/Enemy/AM_Char_Enemy_Throw.uasset" 1834
"D:/Babys2ndAnnihilation/BitWindy/Content/3D_Assets/Characters/Enemy/AM_Char_Enemy_Throw.uexp" 1835
"D:/Babys2ndAnnihilation/BitWindy/Content/Audio/SoundFiles/Dialogue/NPC/BFA_DLG_NPC_Throw_01.ubulk" 1836
"D:/Babys2ndAnnihilation/BitWindy/Content/Audio/SoundFiles/Dialogue/NPC/BFA_DLG_NPC_Throw_01.uasset" 1837
"D:/Babys2ndAnnihilation/BitWindy/Content/Audio/SoundFiles/Dialogue/NPC/BFA_DLG_NPC_Throw_01.uexp" 1838
"D:/Babys2ndAnnihilation/BitWindy/Content/Audio/SoundFiles/Dialogue/NPC/BFA_DLG_NPC_Throw_02.ubulk" 1839
"D:/Babys2ndAnnihilation/BitWindy/Content/Audio/SoundFiles/Dialogue/NPC/BFA_DLG_NPC_Throw_02.uasset" 1840
"D:/Babys2ndAnnihilation/BitWindy/Content/Audio/SoundFiles/Dialogue/NPC/BFA_DLG_NPC_Throw_02.uexp" 1841
"D:/Babys2ndAnnihilation/BitWindy/Content/Audio/SoundFiles/Dialogue/NPC/BFA_DLG_NPC_Throw_03.ubulk" 1842
"D:/Babys2ndAnnihilation/BitWindy/Content/Audio/SoundFiles/Dialogue/NPC/BFA_DLG_NPC_Throw_03.uasset" 1843
"D:/Babys2ndAnnihilation/BitWindy/Content/Audio/SoundFiles/Dialogue/NPC/BFA_DLG_NPC_Throw_03.uexp" 1844
"D:/Babys2ndAnnihilation/BitWindy/Content/Audio/SoundFiles/Dialogue/NPC/BFA_DLG_NPC_Throw_04.ubulk" 1845
"D:/Babys2ndAnnihilation/BitWindy/Content/Audio/SoundFiles/Dialogue/NPC/BFA_DLG_NPC_Throw_04.uasset" 1846
"D:/Babys2ndAnnihilation/BitWindy/Content/Audio/SoundFiles/Dialogue/NPC/BFA_DLG_NPC_Throw_04.uexp" 1847
"D:/Babys2ndAnnihilation/BitWindy/Content/Audio/SoundFiles/Dialogue/NPC/BFA_DLG_NPC_Throw_05.ubulk" 1848
"D:/Babys2ndAnnihilation/BitWindy/Content/Audio/SoundFiles/Dialogue/NPC/BFA_DLG_NPC_Throw_05.uasset" 1849
"D:/Babys2ndAnnihilation/BitWindy/Content/Audio/SoundFiles/Dialogue/NPC/BFA_DLG_NPC_Throw_05.uexp" 1850
"D:/Babys2ndAnnihilation/BitWindy/Content/Audio/Metasounds/Sources/MS_DLG_PLY_NPC_Exclamations_Throw.uasset" 1851
"D:/Babys2ndAnnihilation/BitWindy/Content/Audio/Metasounds/Sources/MS_DLG_PLY_NPC_Exclamations_Throw.uexp" 1852
"D:/Babys2ndAnnihilation/BitWindy/Content/Variant_Shooter/Blueprints/AI/StateTree/StateTreeTask_SenseEnemies.uasset" 1853
"D:/Babys2ndAnnihilation/BitWindy/Content/Variant_Shooter/Blueprints/AI/StateTree/StateTreeTask_SenseEnemies.uexp" 1854
"D:/Babys2ndAnnihilation/BitWindy/Content/Variant_Shooter/Blueprints/AI/ST_Shooter.uasset" 1855
"D:/Babys2ndAnnihilation/BitWindy/Content/Variant_Shooter/Blueprints/AI/ST_Shooter.uexp" 1856
"D:/Babys2ndAnnihilation/BitWindy/Content/Variant_Shooter/Blueprints/AI/BP_ShooterAIController.uasset" 1857
"D:/Babys2ndAnnihilation/BitWindy/Content/Variant_Shooter/Blueprints/AI/BP_ShooterAIController.uexp" 1858
"D:/Babys2ndAnnihilation/BitWindy/Content/Variant_Shooter/Blueprints/AI/ST_Shooter_ShootAtTarget.uasset" 1859
"D:/Babys2ndAnnihilation/BitWindy/Content/Variant_Shooter/Blueprints/AI/ST_Shooter_ShootAtTarget.uexp" 1860
"D:/Babys2ndAnnihilation/BitWindy/Content/Variant_Shooter/Blueprints/AI/Task_ShootAtTarget.uasset" 1861
"D:/Babys2ndAnnihilation/BitWindy/Content/Variant_Shooter/Blueprints/AI/Task_ShootAtTarget.uexp" 1862
"D:/Babys2ndAnnihilation/BitWindy/Content/Variant_Shooter/Blueprints/AI/Task_RunAway.uasset" 1863
"D:/Babys2ndAnnihilation/BitWindy/Content/Variant_Shooter/Blueprints/AI/Task_RunAway.uexp" 1864
"D:/Babys2ndAnnihilation/BitWindy/Content/Variant_Shooter/Blueprints/AI/Task_MoveToTower.uasset" 1865
"D:/Babys2ndAnnihilation/BitWindy/Content/Variant_Shooter/Blueprints/AI/Task_MoveToTower.uexp" 1866
"D:/Babys2ndAnnihilation/BitWindy/Content/Variant_Shooter/Blueprints/AI/Task_MoveToNextTower.uasset" 1867
"D:/Babys2ndAnnihilation/BitWindy/Content/Variant_Shooter/Blueprints/AI/Task_MoveToNextTower.uexp" 1868
"D:/Babys2ndAnnihilation/BitWindy/Content/3D_Assets/Characters/Enemy/Retarget_anims/Temp_Retarget_Folder/flair__3_.uasset" 1869
"D:/Babys2ndAnnihilation/BitWindy/Content/3D_Assets/Characters/Enemy/Retarget_anims/Temp_Retarget_Folder/flair__3_.uexp" 1870
"D:/Babys2ndAnnihilation/BitWindy/Content/3D_Assets/Characters/Enemy/Retarget_anims/Temp_Retarget_Folder/flair__2_.uasset" 1871
"D:/Babys2ndAnnihilation/BitWindy/Content/3D_Assets/Characters/Enemy/Retarget_anims/Temp_Retarget_Folder/flair__2_.uexp" 1872
"D:/Babys2ndAnnihilation/BitWindy/Content/3D_Assets/Characters/Enemy/Retarget_anims/Temp_Retarget_Folder/flair.uasset" 1873
"D:/Babys2ndAnnihilation/BitWindy/Content/3D_Assets/Characters/Enemy/Retarget_anims/Temp_Retarget_Folder/flair.uexp" 1874
"D:/Babys2ndAnnihilation/BitWindy/Content/3D_Assets/Characters/Enemy/Retarget_anims/Temp_Retarget_Folder/crossleg_freeze.uasset" 1875
"D:/Babys2ndAnnihilation/BitWindy/Content/3D_Assets/Characters/Enemy/Retarget_anims/Temp_Retarget_Folder/crossleg_freeze.uexp" 1876
"D:/Babys2ndAnnihilation/BitWindy/Content/3D_Assets/Characters/Enemy/Retarget_anims/Temp_Retarget_Folder/brooklyn_uprock.uasset" 1877
"D:/Babys2ndAnnihilation/BitWindy/Content/3D_Assets/Characters/Enemy/Retarget_anims/Temp_Retarget_Folder/brooklyn_uprock.uexp" 1878
"D:/Babys2ndAnnihilation/BitWindy/Content/3D_Assets/Characters/Enemy/Retarget_anims/Temp_Retarget_Folder/breakdance_uprock__2_.uasset" 1879
"D:/Babys2ndAnnihilation/BitWindy/Content/3D_Assets/Characters/Enemy/Retarget_anims/Temp_Retarget_Folder/breakdance_uprock__2_.uexp" 1880
"D:/Babys2ndAnnihilation/BitWindy/Content/3D_Assets/Characters/Enemy/Retarget_anims/Temp_Retarget_Folder/breakdance_uprock_var_1.uasset" 1881
"D:/Babys2ndAnnihilation/BitWindy/Content/3D_Assets/Characters/Enemy/Retarget_anims/Temp_Retarget_Folder/breakdance_uprock_var_1.uexp" 1882
"D:/Babys2ndAnnihilation/BitWindy/Content/3D_Assets/Characters/Enemy/Retarget_anims/Temp_Retarget_Folder/breakdance_uprock_var_2.uasset" 1883
"D:/Babys2ndAnnihilation/BitWindy/Content/3D_Assets/Characters/Enemy/Retarget_anims/Temp_Retarget_Folder/breakdance_uprock_var_2.uexp" 1884
"D:/Babys2ndAnnihilation/BitWindy/Content/3D_Assets/Characters/Enemy/Retarget_anims/Temp_Retarget_Folder/breakdance_uprock_var_1_start.uasset" 1885
"D:/Babys2ndAnnihilation/BitWindy/Content/3D_Assets/Characters/Enemy/Retarget_anims/Temp_Retarget_Folder/breakdance_uprock_var_1_start.uexp" 1886
"D:/Babys2ndAnnihilation/BitWindy/Content/3D_Assets/Characters/Enemy/Retarget_anims/Temp_Retarget_Folder/breakdance_uprock_var_1_end.uasset" 1887
"D:/Babys2ndAnnihilation/BitWindy/Content/3D_Assets/Characters/Enemy/Retarget_anims/Temp_Retarget_Folder/breakdance_uprock_var_1_end.uexp" 1888
"D:/Babys2ndAnnihilation/BitWindy/Content/3D_Assets/Characters/Enemy/Retarget_anims/Temp_Retarget_Folder/breakdance_uprock_to_ground__2_.uasset" 1889
"D:/Babys2ndAnnihilation/BitWindy/Content/3D_Assets/Characters/Enemy/Retarget_anims/Temp_Retarget_Folder/breakdance_uprock_to_ground__2_.uexp" 1890
"D:/Babys2ndAnnihilation/BitWindy/Content/3D_Assets/Characters/Enemy/Retarget_anims/Temp_Retarget_Folder/breakdance_uprock_to_ground.uasset" 1891
"D:/Babys2ndAnnihilation/BitWindy/Content/3D_Assets/Characters/Enemy/Retarget_anims/Temp_Retarget_Folder/breakdance_uprock_to_ground.uexp" 1892
"D:/Babys2ndAnnihilation/BitWindy/Content/3D_Assets/Characters/Enemy/Retarget_anims/Temp_Retarget_Folder/breakdance_uprock.uasset" 1893
"D:/Babys2ndAnnihilation/BitWindy/Content/3D_Assets/Characters/Enemy/Retarget_anims/Temp_Retarget_Folder/breakdance_uprock.uexp" 1894
"D:/Babys2ndAnnihilation/BitWindy/Content/3D_Assets/Characters/Enemy/Retarget_anims/Temp_Retarget_Folder/breakdance_swipes.uasset" 1895
"D:/Babys2ndAnnihilation/BitWindy/Content/3D_Assets/Characters/Enemy/Retarget_anims/Temp_Retarget_Folder/breakdance_swipes.uexp" 1896
"D:/Babys2ndAnnihilation/BitWindy/Content/3D_Assets/Characters/Enemy/Retarget_anims/Temp_Retarget_Folder/breakdance_ready__3_.uasset" 1897
"D:/Babys2ndAnnihilation/BitWindy/Content/3D_Assets/Characters/Enemy/Retarget_anims/Temp_Retarget_Folder/breakdance_ready__3_.uexp" 1898
"D:/Babys2ndAnnihilation/BitWindy/Content/3D_Assets/Characters/Enemy/Retarget_anims/Temp_Retarget_Folder/breakdance_ready__2_.uasset" 1899
"D:/Babys2ndAnnihilation/BitWindy/Content/3D_Assets/Characters/Enemy/Retarget_anims/Temp_Retarget_Folder/breakdance_ready__2_.uexp" 1900
"D:/Babys2ndAnnihilation/BitWindy/Content/3D_Assets/Characters/Enemy/Retarget_anims/Temp_Retarget_Folder/breakdance_ready.uasset" 1901
"D:/Babys2ndAnnihilation/BitWindy/Content/3D_Assets/Characters/Enemy/Retarget_anims/Temp_Retarget_Folder/breakdance_ready.uexp" 1902
"D:/Babys2ndAnnihilation/BitWindy/Content/3D_Assets/Characters/Enemy/Retarget_anims/Temp_Retarget_Folder/breakdance_freeze_var_1.uasset" 1903
"D:/Babys2ndAnnihilation/BitWindy/Content/3D_Assets/Characters/Enemy/Retarget_anims/Temp_Retarget_Folder/breakdance_freeze_var_1.uexp" 1904
"D:/Babys2ndAnnihilation/BitWindy/Content/3D_Assets/Characters/Enemy/Retarget_anims/Temp_Retarget_Folder/breakdance_freeze_var_2.uasset" 1905
"D:/Babys2ndAnnihilation/BitWindy/Content/3D_Assets/Characters/Enemy/Retarget_anims/Temp_Retarget_Folder/breakdance_freeze_var_2.uexp" 1906
"D:/Babys2ndAnnihilation/BitWindy/Content/3D_Assets/Characters/Enemy/Retarget_anims/Temp_Retarget_Folder/breakdance_freeze_var_3.uasset" 1907
"D:/Babys2ndAnnihilation/BitWindy/Content/3D_Assets/Characters/Enemy/Retarget_anims/Temp_Retarget_Folder/breakdance_freeze_var_3.uexp" 1908
"D:/Babys2ndAnnihilation/BitWindy/Content/3D_Assets/Characters/Enemy/Retarget_anims/Temp_Retarget_Folder/breakdance_freeze_var_4.uasset" 1909
"D:/Babys2ndAnnihilation/BitWindy/Content/3D_Assets/Characters/Enemy/Retarget_anims/Temp_Retarget_Folder/breakdance_freeze_var_4.uexp" 1910
"D:/Babys2ndAnnihilation/BitWindy/Content/3D_Assets/Characters/Enemy/Retarget_anims/Temp_Retarget_Folder/breakdance_freezes.uasset" 1911
"D:/Babys2ndAnnihilation/BitWindy/Content/3D_Assets/Characters/Enemy/Retarget_anims/Temp_Retarget_Folder/breakdance_freezes.uexp" 1912
"D:/Babys2ndAnnihilation/BitWindy/Content/3D_Assets/Characters/Enemy/Retarget_anims/Temp_Retarget_Folder/breakdance_footwork_to_idle__2_.uasset" 1913
"D:/Babys2ndAnnihilation/BitWindy/Content/3D_Assets/Characters/Enemy/Retarget_anims/Temp_Retarget_Folder/breakdance_footwork_to_idle__2_.uexp" 1914
"D:/Babys2ndAnnihilation/BitWindy/Content/3D_Assets/Characters/Enemy/Retarget_anims/Temp_Retarget_Folder/breakdance_footwork_to_idle.uasset" 1915
"D:/Babys2ndAnnihilation/BitWindy/Content/3D_Assets/Characters/Enemy/Retarget_anims/Temp_Retarget_Folder/breakdance_footwork_to_idle.uexp" 1916
"D:/Babys2ndAnnihilation/BitWindy/Content/3D_Assets/Characters/Enemy/Retarget_anims/Temp_Retarget_Folder/breakdance_footwork_to_freeze.uasset" 1917
"D:/Babys2ndAnnihilation/BitWindy/Content/3D_Assets/Characters/Enemy/Retarget_anims/Temp_Retarget_Folder/breakdance_footwork_to_freeze.uexp" 1918
"D:/Babys2ndAnnihilation/BitWindy/Content/3D_Assets/Characters/Enemy/Retarget_anims/Temp_Retarget_Folder/breakdance_footwork_1.uasset" 1919
"D:/Babys2ndAnnihilation/BitWindy/Content/3D_Assets/Characters/Enemy/Retarget_anims/Temp_Retarget_Folder/breakdance_footwork_1.uexp" 1920
"D:/Babys2ndAnnihilation/BitWindy/Content/3D_Assets/Characters/Enemy/Retarget_anims/Temp_Retarget_Folder/breakdance_footwork_2.uasset" 1921
"D:/Babys2ndAnnihilation/BitWindy/Content/3D_Assets/Characters/Enemy/Retarget_anims/Temp_Retarget_Folder/breakdance_footwork_2.uexp" 1922
"D:/Babys2ndAnnihilation/BitWindy/Content/3D_Assets/Characters/Enemy/Retarget_anims/Temp_Retarget_Folder/breakdance_footwork_3.uasset" 1923
"D:/Babys2ndAnnihilation/BitWindy/Content/3D_Assets/Characters/Enemy/Retarget_anims/Temp_Retarget_Folder/breakdance_footwork_3.uexp" 1924
"D:/Babys2ndAnnihilation/BitWindy/Content/3D_Assets/Characters/Enemy/Retarget_anims/Temp_Retarget_Folder/breakdance_ending_1.uasset" 1925
"D:/Babys2ndAnnihilation/BitWindy/Content/3D_Assets/Characters/Enemy/Retarget_anims/Temp_Retarget_Folder/breakdance_ending_1.uexp" 1926
"D:/Babys2ndAnnihilation/BitWindy/Content/3D_Assets/Characters/Enemy/Retarget_anims/Temp_Retarget_Folder/breakdance_ending_2.uasset" 1927
"D:/Babys2ndAnnihilation/BitWindy/Content/3D_Assets/Characters/Enemy/Retarget_anims/Temp_Retarget_Folder/breakdance_ending_2.uexp" 1928
"D:/Babys2ndAnnihilation/BitWindy/Content/3D_Assets/Characters/Enemy/Retarget_anims/Temp_Retarget_Folder/breakdance_ending_3.uasset" 1929
"D:/Babys2ndAnnihilation/BitWindy/Content/3D_Assets/Characters/Enemy/Retarget_anims/Temp_Retarget_Folder/breakdance_ending_3.uexp" 1930
"D:/Babys2ndAnnihilation/BitWindy/Content/3D_Assets/Characters/Enemy/Retarget_anims/Temp_Retarget_Folder/breakdance_1990__3_.uasset" 1931
"D:/Babys2ndAnnihilation/BitWindy/Content/3D_Assets/Characters/Enemy/Retarget_anims/Temp_Retarget_Folder/breakdance_1990__3_.uexp" 1932
"D:/Babys2ndAnnihilation/BitWindy/Content/3D_Assets/Characters/Enemy/Retarget_anims/Temp_Retarget_Folder/breakdance_1990__2_.uasset" 1933
"D:/Babys2ndAnnihilation/BitWindy/Content/3D_Assets/Characters/Enemy/Retarget_anims/Temp_Retarget_Folder/breakdance_1990__2_.uexp" 1934
"D:/Babys2ndAnnihilation/BitWindy/Content/3D_Assets/Characters/Enemy/Retarget_anims/Temp_Retarget_Folder/breakdance_1990.uasset" 1935
"D:/Babys2ndAnnihilation/BitWindy/Content/3D_Assets/Characters/Enemy/Retarget_anims/Temp_Retarget_Folder/breakdance_1990.uexp" 1936
"D:/Babys2ndAnnihilation/BitWindy/Content/3D_Assets/Characters/Enemy/Retarget_anims/Temp_Retarget_Folder/AM_Char_Enemy_breakdance.uasset" 1937
"D:/Babys2ndAnnihilation/BitWindy/Content/3D_Assets/Characters/Enemy/Retarget_anims/Temp_Retarget_Folder/AM_Char_Enemy_breakdance.uexp" 1938
"D:/Babys2ndAnnihilation/BitWindy/Content/Variant_Shooter/Blueprints/AI/Task_Celebrate.uasset" 1939
"D:/Babys2ndAnnihilation/BitWindy/Content/Variant_Shooter/Blueprints/AI/Task_Celebrate.uexp" 1940
"D:/Babys2ndAnnihilation/BitWindy/Content/Variant_Shooter/Blueprints/AI/Task_AttackTower.uasset" 1941
"D:/Babys2ndAnnihilation/BitWindy/Content/Variant_Shooter/Blueprints/AI/Task_AttackTower.uexp" 1942
"D:/Babys2ndAnnihilation/BitWindy/Content/Variant_Shooter/Blueprints/AI/Task_AttackCentreTower.uasset" 1943
"D:/Babys2ndAnnihilation/BitWindy/Content/Variant_Shooter/Blueprints/AI/Task_AttackCentreTower.uexp" 1944
"D:/Babys2ndAnnihilation/BitWindy/Content/Variant_Shooter/Blueprints/AI/ST_EnemyAI.uasset" 1945
"D:/Babys2ndAnnihilation/BitWindy/Content/Variant_Shooter/Blueprints/AI/ST_EnemyAI.uexp" 1946
"D:/Babys2ndAnnihilation/BitWindy/Content/3D_Assets/Characters/Player/Animations/Locomotion/AS_Char_Player_Shoot.uasset" 1947
"D:/Babys2ndAnnihilation/BitWindy/Content/3D_Assets/Characters/Player/Animations/Locomotion/AS_Char_Player_Shoot.uexp" 1948
"D:/Babys2ndAnnihilation/BitWindy/Content/3D_Assets/Characters/Player/Animations/Locomotion/AM_Shoot_Gun.uasset" 1949
"D:/Babys2ndAnnihilation/BitWindy/Content/3D_Assets/Characters/Player/Animations/Locomotion/AM_Shoot_Gun.uexp" 1950
"D:/Babys2ndAnnihilation/BitWindy/Content/3D_Assets/Characters/Player/Materials/Textures/T_Baby_Hat_and_scarf_Pix2.ubulk" 1951
"D:/Babys2ndAnnihilation/BitWindy/Content/3D_Assets/Characters/Player/Materials/Textures/T_Baby_Hat_and_scarf_Pix2.uasset" 1952
"D:/Babys2ndAnnihilation/BitWindy/Content/3D_Assets/Characters/Player/Materials/Textures/T_Baby_Hat_and_scarf_Pix2.uexp" 1953
"D:/Babys2ndAnnihilation/BitWindy/Content/3D_Assets/Characters/Player/Materials/M_Baby_Hat_and_scarf_Pix2_Mat.uasset" 1954
"D:/Babys2ndAnnihilation/BitWindy/Content/3D_Assets/Characters/Player/Materials/M_Baby_Hat_and_scarf_Pix2_Mat.uexp" 1955
"D:/Babys2ndAnnihilation/BitWindy/Content/3D_Assets/Characters/Player/Materials/MaterialInstances/MI_Baby_Hat_and_scarf_Pix2_Mat_Inst.uasset" 1956
"D:/Babys2ndAnnihilation/BitWindy/Content/3D_Assets/Characters/Player/Materials/MaterialInstances/MI_Baby_Hat_and_scarf_Pix2_Mat_Inst.uexp" 1957
"D:/Babys2ndAnnihilation/BitWindy/Content/3D_Assets/Characters/Player/Materials/Textures/T_SnowballMainTexPix2.ubulk" 1958
"D:/Babys2ndAnnihilation/BitWindy/Content/3D_Assets/Characters/Player/Materials/Textures/T_SnowballMainTexPix2.uasset" 1959
"D:/Babys2ndAnnihilation/BitWindy/Content/3D_Assets/Characters/Player/Materials/Textures/T_SnowballMainTexPix2.uexp" 1960
"D:/Babys2ndAnnihilation/BitWindy/Content/3D_Assets/Characters/Player/Materials/M_SnowballMainTexPix2_Mat.uasset" 1961
"D:/Babys2ndAnnihilation/BitWindy/Content/3D_Assets/Characters/Player/Materials/M_SnowballMainTexPix2_Mat.uexp" 1962
"D:/Babys2ndAnnihilation/BitWindy/Content/3D_Assets/Characters/Player/Materials/MaterialInstances/MI_SnowballMainTexPix2_Mat_Inst.uasset" 1963
"D:/Babys2ndAnnihilation/BitWindy/Content/3D_Assets/Characters/Player/Materials/MaterialInstances/MI_SnowballMainTexPix2_Mat_Inst.uexp" 1964
"D:/Babys2ndAnnihilation/BitWindy/Content/Variant_Shooter/Blueprints/Pickups/Projectiles/BP_EnemySnowball.uasset" 1965
"D:/Babys2ndAnnihilation/BitWindy/Content/Variant_Shooter/Blueprints/Pickups/Projectiles/BP_EnemySnowball.uexp" 1966
"D:/Babys2ndAnnihilation/BitWindy/Content/Variant_Shooter/Blueprints/Pickups/Projectiles/Depreciated_BP_EnemySnowball.uasset" 1967
"D:/Babys2ndAnnihilation/BitWindy/Content/Variant_Shooter/Blueprints/Pickups/Projectiles/Depreciated_BP_EnemySnowball.uexp" 1968
"D:/Babys2ndAnnihilation/BitWindy/Content/Audio/SoundFiles/SFX/Stunned/BFA_SFX_Stunned_Loop.ubulk" 1969
"D:/Babys2ndAnnihilation/BitWindy/Content/Audio/SoundFiles/SFX/Stunned/BFA_SFX_Stunned_Loop.uasset" 1970
"D:/Babys2ndAnnihilation/BitWindy/Content/Audio/SoundFiles/SFX/Stunned/BFA_SFX_Stunned_Loop.uexp" 1971
"D:/Babys2ndAnnihilation/BitWindy/Content/Audio/Metasounds/Sources/MS_SFX_PLY_Stunned.uasset" 1972
"D:/Babys2ndAnnihilation/BitWindy/Content/Audio/Metasounds/Sources/MS_SFX_PLY_Stunned.uexp" 1973
"D:/Babys2ndAnnihilation/BitWindy/Content/Audio/SoundFiles/Dialogue/NPC/BFA_DLG_NPC_DamageTaken_01.ubulk" 1974
"D:/Babys2ndAnnihilation/BitWindy/Content/Audio/SoundFiles/Dialogue/NPC/BFA_DLG_NPC_DamageTaken_01.uasset" 1975
"D:/Babys2ndAnnihilation/BitWindy/Content/Audio/SoundFiles/Dialogue/NPC/BFA_DLG_NPC_DamageTaken_01.uexp" 1976
"D:/Babys2ndAnnihilation/BitWindy/Content/Audio/SoundFiles/Dialogue/NPC/BFA_DLG_NPC_DamageTaken_02.ubulk" 1977
"D:/Babys2ndAnnihilation/BitWindy/Content/Audio/SoundFiles/Dialogue/NPC/BFA_DLG_NPC_DamageTaken_02.uasset" 1978
"D:/Babys2ndAnnihilation/BitWindy/Content/Audio/SoundFiles/Dialogue/NPC/BFA_DLG_NPC_DamageTaken_02.uexp" 1979
"D:/Babys2ndAnnihilation/BitWindy/Content/Audio/SoundFiles/Dialogue/NPC/BFA_DLG_NPC_DamageTaken_03.ubulk" 1980
"D:/Babys2ndAnnihilation/BitWindy/Content/Audio/SoundFiles/Dialogue/NPC/BFA_DLG_NPC_DamageTaken_03.uasset" 1981
"D:/Babys2ndAnnihilation/BitWindy/Content/Audio/SoundFiles/Dialogue/NPC/BFA_DLG_NPC_DamageTaken_03.uexp" 1982
"D:/Babys2ndAnnihilation/BitWindy/Content/Audio/SoundFiles/Dialogue/NPC/BFA_DLG_NPC_DamageTaken_04.ubulk" 1983
"D:/Babys2ndAnnihilation/BitWindy/Content/Audio/SoundFiles/Dialogue/NPC/BFA_DLG_NPC_DamageTaken_04.uasset" 1984
"D:/Babys2ndAnnihilation/BitWindy/Content/Audio/SoundFiles/Dialogue/NPC/BFA_DLG_NPC_DamageTaken_04.uexp" 1985
"D:/Babys2ndAnnihilation/BitWindy/Content/Audio/SoundFiles/Dialogue/NPC/BFA_DLG_NPC_DamageTaken_05.ubulk" 1986
"D:/Babys2ndAnnihilation/BitWindy/Content/Audio/SoundFiles/Dialogue/NPC/BFA_DLG_NPC_DamageTaken_05.uasset" 1987
"D:/Babys2ndAnnihilation/BitWindy/Content/Audio/SoundFiles/Dialogue/NPC/BFA_DLG_NPC_DamageTaken_05.uexp" 1988
"D:/Babys2ndAnnihilation/BitWindy/Content/Audio/Metasounds/Sources/MS_DLG_PLY_Player_Exclamations_DamageTaken.uasset" 1989
"D:/Babys2ndAnnihilation/BitWindy/Content/Audio/Metasounds/Sources/MS_DLG_PLY_Player_Exclamations_DamageTaken.uexp" 1990
"D:/Babys2ndAnnihilation/BitWindy/Content/3D_Assets/Characters/Enemy/Retarget_anims/hard_landing.uasset" 1991
"D:/Babys2ndAnnihilation/BitWindy/Content/3D_Assets/Characters/Enemy/Retarget_anims/hard_landing.uexp" 1992
"D:/Babys2ndAnnihilation/BitWindy/Content/3D_Assets/Characters/Enemy/Retarget_anims/AM_Char_Enemy_HardLanding.uasset" 1993
"D:/Babys2ndAnnihilation/BitWindy/Content/3D_Assets/Characters/Enemy/Retarget_anims/AM_Char_Enemy_HardLanding.uexp" 1994
"D:/Babys2ndAnnihilation/BitWindy/Content/Variant_Shooter/Blueprints/AI/BPI_NPC_Montage.uasset" 1995
"D:/Babys2ndAnnihilation/BitWindy/Content/Variant_Shooter/Blueprints/AI/BPI_NPC_Montage.uexp" 1996
"D:/Babys2ndAnnihilation/BitWindy/Content/Variant_Shooter/Blueprints/AI/BP_ShooterNPC.uasset" 1997
"D:/Babys2ndAnnihilation/BitWindy/Content/Variant_Shooter/Blueprints/AI/BP_ShooterNPC.uexp" 1998
"D:/Babys2ndAnnihilation/BitWindy/Content/3D_Assets/Characters/Enemy/AS_Char_Enemy_StandingIdle.uasset" 1999
"D:/Babys2ndAnnihilation/BitWindy/Content/3D_Assets/Characters/Enemy/AS_Char_Enemy_StandingIdle.uexp" 2000
"D:/Babys2ndAnnihilation/BitWindy/Content/3D_Assets/Characters/Enemy/AS_Char_Enemy__Walk_Back.uasset" 2001
"D:/Babys2ndAnnihilation/BitWindy/Content/3D_Assets/Characters/Enemy/AS_Char_Enemy__Walk_Back.uexp" 2002
"D:/Babys2ndAnnihilation/BitWindy/Content/3D_Assets/Characters/Enemy/AS_Char_Enemy_Run_Back.uasset" 2003
"D:/Babys2ndAnnihilation/BitWindy/Content/3D_Assets/Characters/Enemy/AS_Char_Enemy_Run_Back.uexp" 2004
"D:/Babys2ndAnnihilation/BitWindy/Content/3D_Assets/Characters/Enemy/AS_Char_Enemy_Run_Left.uasset" 2005
"D:/Babys2ndAnnihilation/BitWindy/Content/3D_Assets/Characters/Enemy/AS_Char_Enemy_Run_Left.uexp" 2006
"D:/Babys2ndAnnihilation/BitWindy/Content/3D_Assets/Characters/Enemy/AS_Char_Enemy_Run_Right.uasset" 2007
"D:/Babys2ndAnnihilation/BitWindy/Content/3D_Assets/Characters/Enemy/AS_Char_Enemy_Run_Right.uexp" 2008
"D:/Babys2ndAnnihilation/BitWindy/Content/Audio/SoundFiles/Dialogue/NPC/BFA_DLG_NPC_Charge_OneShot_01.ubulk" 2009
"D:/Babys2ndAnnihilation/BitWindy/Content/Audio/SoundFiles/Dialogue/NPC/BFA_DLG_NPC_Charge_OneShot_01.uasset" 2010
"D:/Babys2ndAnnihilation/BitWindy/Content/Audio/SoundFiles/Dialogue/NPC/BFA_DLG_NPC_Charge_OneShot_01.uexp" 2011
"D:/Babys2ndAnnihilation/BitWindy/Content/Audio/SoundFiles/Dialogue/NPC/BFA_DLG_NPC_Charge_OneShot_02.ubulk" 2012
"D:/Babys2ndAnnihilation/BitWindy/Content/Audio/SoundFiles/Dialogue/NPC/BFA_DLG_NPC_Charge_OneShot_02.uasset" 2013
"D:/Babys2ndAnnihilation/BitWindy/Content/Audio/SoundFiles/Dialogue/NPC/BFA_DLG_NPC_Charge_OneShot_02.uexp" 2014
"D:/Babys2ndAnnihilation/BitWindy/Content/Audio/SoundFiles/Dialogue/NPC/BFA_DLG_NPC_Charge_OneShot_03.ubulk" 2015
"D:/Babys2ndAnnihilation/BitWindy/Content/Audio/SoundFiles/Dialogue/NPC/BFA_DLG_NPC_Charge_OneShot_03.uasset" 2016
"D:/Babys2ndAnnihilation/BitWindy/Content/Audio/SoundFiles/Dialogue/NPC/BFA_DLG_NPC_Charge_OneShot_03.uexp" 2017
"D:/Babys2ndAnnihilation/BitWindy/Content/Audio/SoundFiles/Dialogue/NPC/BFA_DLG_NPC_Charge_OneShot_04.ubulk" 2018
"D:/Babys2ndAnnihilation/BitWindy/Content/Audio/SoundFiles/Dialogue/NPC/BFA_DLG_NPC_Charge_OneShot_04.uasset" 2019
"D:/Babys2ndAnnihilation/BitWindy/Content/Audio/SoundFiles/Dialogue/NPC/BFA_DLG_NPC_Charge_OneShot_04.uexp" 2020
"D:/Babys2ndAnnihilation/BitWindy/Content/Audio/SoundFiles/Dialogue/NPC/BFA_DLG_NPC_Charge_OneShot_05.ubulk" 2021
"D:/Babys2ndAnnihilation/BitWindy/Content/Audio/SoundFiles/Dialogue/NPC/BFA_DLG_NPC_Charge_OneShot_05.uasset" 2022
"D:/Babys2ndAnnihilation/BitWindy/Content/Audio/SoundFiles/Dialogue/NPC/BFA_DLG_NPC_Charge_OneShot_05.uexp" 2023
"D:/Babys2ndAnnihilation/BitWindy/Content/Audio/SoundFiles/Dialogue/NPC/BFA_DLG_NPC_Charge_OneShot_06.ubulk" 2024
"D:/Babys2ndAnnihilation/BitWindy/Content/Audio/SoundFiles/Dialogue/NPC/BFA_DLG_NPC_Charge_OneShot_06.uasset" 2025
"D:/Babys2ndAnnihilation/BitWindy/Content/Audio/SoundFiles/Dialogue/NPC/BFA_DLG_NPC_Charge_OneShot_06.uexp" 2026
"D:/Babys2ndAnnihilation/BitWindy/Content/Audio/SoundFiles/Dialogue/NPC/BFA_DLG_NPC_Charge_OneShot_07.ubulk" 2027
"D:/Babys2ndAnnihilation/BitWindy/Content/Audio/SoundFiles/Dialogue/NPC/BFA_DLG_NPC_Charge_OneShot_07.uasset" 2028
"D:/Babys2ndAnnihilation/BitWindy/Content/Audio/SoundFiles/Dialogue/NPC/BFA_DLG_NPC_Charge_OneShot_07.uexp" 2029
"D:/Babys2ndAnnihilation/BitWindy/Content/Audio/SoundFiles/Dialogue/NPC/BFA_DLG_NPC_Charge_OneShot_08.ubulk" 2030
"D:/Babys2ndAnnihilation/BitWindy/Content/Audio/SoundFiles/Dialogue/NPC/BFA_DLG_NPC_Charge_OneShot_08.uasset" 2031
"D:/Babys2ndAnnihilation/BitWindy/Content/Audio/SoundFiles/Dialogue/NPC/BFA_DLG_NPC_Charge_OneShot_08.uexp" 2032
"D:/Babys2ndAnnihilation/BitWindy/Content/Audio/SoundFiles/Dialogue/NPC/BFA_DLG_NPC_Charge_OneShot_09.ubulk" 2033
"D:/Babys2ndAnnihilation/BitWindy/Content/Audio/SoundFiles/Dialogue/NPC/BFA_DLG_NPC_Charge_OneShot_09.uasset" 2034
"D:/Babys2ndAnnihilation/BitWindy/Content/Audio/SoundFiles/Dialogue/NPC/BFA_DLG_NPC_Charge_OneShot_09.uexp" 2035
"D:/Babys2ndAnnihilation/BitWindy/Content/Audio/Metasounds/Sources/MS_DLG_PLY_NPC_Exclamations_Charge.uasset" 2036
"D:/Babys2ndAnnihilation/BitWindy/Content/Audio/Metasounds/Sources/MS_DLG_PLY_NPC_Exclamations_Charge.uexp" 2037
"D:/Babys2ndAnnihilation/BitWindy/Content/3D_Assets/Characters/Enemy/AS_Char_Enemy_StandingRunForward.uasset" 2038
"D:/Babys2ndAnnihilation/BitWindy/Content/3D_Assets/Characters/Enemy/AS_Char_Enemy_StandingRunForward.uexp" 2039
"D:/Babys2ndAnnihilation/BitWindy/Content/3D_Assets/Characters/Enemy/AS_Char_Enemy_Walk_Forward.uasset" 2040
"D:/Babys2ndAnnihilation/BitWindy/Content/3D_Assets/Characters/Enemy/AS_Char_Enemy_Walk_Forward.uexp" 2041
"D:/Babys2ndAnnihilation/BitWindy/Content/3D_Assets/Characters/Enemy/AS_Char_Enemy_Walk_Left.uasset" 2042
"D:/Babys2ndAnnihilation/BitWindy/Content/3D_Assets/Characters/Enemy/AS_Char_Enemy_Walk_Left.uexp" 2043
"D:/Babys2ndAnnihilation/BitWindy/Content/3D_Assets/Characters/Enemy/AS_Char_Enemy_Walk_Right.uasset" 2044
"D:/Babys2ndAnnihilation/BitWindy/Content/3D_Assets/Characters/Enemy/AS_Char_Enemy_Walk_Right.uexp" 2045
"D:/Babys2ndAnnihilation/BitWindy/Content/3D_Assets/Characters/Enemy/BS_Char_Enemy_WalkRun.uasset" 2046
"D:/Babys2ndAnnihilation/BitWindy/Content/3D_Assets/Characters/Enemy/BS_Char_Enemy_WalkRun.uexp" 2047
"D:/Babys2ndAnnihilation/BitWindy/Content/3D_Assets/Characters/Enemy/AS_Char_Enemy_JumptStart.uasset" 2048
"D:/Babys2ndAnnihilation/BitWindy/Content/3D_Assets/Characters/Enemy/AS_Char_Enemy_JumptStart.uexp" 2049
"D:/Babys2ndAnnihilation/BitWindy/Content/3D_Assets/Characters/Enemy/AS_Char_Enemy_JumpEnd.uasset" 2050
"D:/Babys2ndAnnihilation/BitWindy/Content/3D_Assets/Characters/Enemy/AS_Char_Enemy_JumpEnd.uexp" 2051
"D:/Babys2ndAnnihilation/BitWindy/Content/3D_Assets/Characters/Enemy/AS_Char_Enemy_Falling.uasset" 2052
"D:/Babys2ndAnnihilation/BitWindy/Content/3D_Assets/Characters/Enemy/AS_Char_Enemy_Falling.uexp" 2053
"D:/Babys2ndAnnihilation/BitWindy/Content/3D_Assets/Characters/Enemy/ABP_Char_Enemy.uasset" 2054
"D:/Babys2ndAnnihilation/BitWindy/Content/3D_Assets/Characters/Enemy/ABP_Char_Enemy.uexp" 2055
"D:/Babys2ndAnnihilation/BitWindy/Content/3D_Assets/Characters/Friendly/SK_Char_Friendly_Afraid.uasset" 2056
"D:/Babys2ndAnnihilation/BitWindy/Content/3D_Assets/Characters/Friendly/SK_Char_Friendly_Afraid.uexp" 2057
"D:/Babys2ndAnnihilation/BitWindy/Content/3D_Assets/Characters/Friendly/AM_Char_Friendly_Afraid.uasset" 2058
"D:/Babys2ndAnnihilation/BitWindy/Content/3D_Assets/Characters/Friendly/AM_Char_Friendly_Afraid.uexp" 2059
"D:/Babys2ndAnnihilation/BitWindy/Content/3D_Assets/Characters/Friendly/SK_Char_Friendly.uasset" 2060
"D:/Babys2ndAnnihilation/BitWindy/Content/3D_Assets/Characters/Friendly/SK_Char_Friendly.uexp" 2061
"D:/Babys2ndAnnihilation/BitWindy/Content/A_Surface_Footstep/Environment_Assets/Materials/M_Snow_TowerInst.uasset" 2062
"D:/Babys2ndAnnihilation/BitWindy/Content/A_Surface_Footstep/Environment_Assets/Materials/M_Snow_TowerInst.uexp" 2063
"D:/Babys2ndAnnihilation/BitWindy/Content/Audio/Attenuations/SA_SFX_TowerDestroyed.uasset" 2064
"D:/Babys2ndAnnihilation/BitWindy/Content/Audio/Attenuations/SA_SFX_TowerDestroyed.uexp" 2065
"D:/Babys2ndAnnihilation/BitWindy/Content/Audio/SoundFiles/SFX/Tower/BFA_SFX_Tower_Destroyed.ubulk" 2066
"D:/Babys2ndAnnihilation/BitWindy/Content/Audio/SoundFiles/SFX/Tower/BFA_SFX_Tower_Destroyed.uasset" 2067
"D:/Babys2ndAnnihilation/BitWindy/Content/Audio/SoundFiles/SFX/Tower/BFA_SFX_Tower_Destroyed.uexp" 2068
"D:/Babys2ndAnnihilation/BitWindy/Content/Audio/Metasounds/Sources/MS_SFX_PLY_Fort_Destroyed.uasset" 2069
"D:/Babys2ndAnnihilation/BitWindy/Content/Audio/Metasounds/Sources/MS_SFX_PLY_Fort_Destroyed.uexp" 2070
"D:/Babys2ndAnnihilation/BitWindy/Content/Variant_Shooter/UI/WB_HealthBar.uasset" 2071
"D:/Babys2ndAnnihilation/BitWindy/Content/Variant_Shooter/UI/WB_HealthBar.uexp" 2072
"D:/Babys2ndAnnihilation/BitWindy/Content/2DAssets/Images/T_UI_TowerIcon.uasset" 2073
"D:/Babys2ndAnnihilation/BitWindy/Content/2DAssets/Images/T_UI_TowerIcon.uexp" 2074
"D:/Babys2ndAnnihilation/BitWindy/Content/2DAssets/Images/T_UI_DefeatedTowerIcon.uasset" 2075
"D:/Babys2ndAnnihilation/BitWindy/Content/2DAssets/Images/T_UI_DefeatedTowerIcon.uexp" 2076
"D:/Babys2ndAnnihilation/BitWindy/Content/Variant_Shooter/UI/WB_TowerIndicator.uasset" 2077
"D:/Babys2ndAnnihilation/BitWindy/Content/Variant_Shooter/UI/WB_TowerIndicator.uexp" 2078
"D:/Babys2ndAnnihilation/BitWindy/Content/VFX/N_Avalanch.uasset" 2079
"D:/Babys2ndAnnihilation/BitWindy/Content/VFX/N_Avalanch.uexp" 2080
"D:/Babys2ndAnnihilation/BitWindy/Content/Blueprints/BP_Tower.uasset" 2081
"D:/Babys2ndAnnihilation/BitWindy/Content/Blueprints/BP_Tower.uexp" 2082
"D:/Babys2ndAnnihilation/BitWindy/Content/Blueprints/GameArchitecture/BP_TowerDefense_HUD.uasset" 2083
"D:/Babys2ndAnnihilation/BitWindy/Content/Blueprints/GameArchitecture/BP_TowerDefense_HUD.uexp" 2084
"D:/Babys2ndAnnihilation/BitWindy/Content/Audio/SoundFiles/Dialogue/Announcer/Joke/BFA_DLG_SFX_Announcer_Joke_01.ubulk" 2085
"D:/Babys2ndAnnihilation/BitWindy/Content/Audio/SoundFiles/Dialogue/Announcer/Joke/BFA_DLG_SFX_Announcer_Joke_01.uasset" 2086
"D:/Babys2ndAnnihilation/BitWindy/Content/Audio/SoundFiles/Dialogue/Announcer/Joke/BFA_DLG_SFX_Announcer_Joke_01.uexp" 2087
"D:/Babys2ndAnnihilation/BitWindy/Content/Audio/SoundFiles/Dialogue/Announcer/Joke/BFA_DLG_SFX_Announcer_Joke_02.ubulk" 2088
"D:/Babys2ndAnnihilation/BitWindy/Content/Audio/SoundFiles/Dialogue/Announcer/Joke/BFA_DLG_SFX_Announcer_Joke_02.uasset" 2089
"D:/Babys2ndAnnihilation/BitWindy/Content/Audio/SoundFiles/Dialogue/Announcer/Joke/BFA_DLG_SFX_Announcer_Joke_02.uexp" 2090
"D:/Babys2ndAnnihilation/BitWindy/Content/Audio/SoundFiles/Dialogue/Announcer/Joke/BFA_DLG_SFX_Announcer_Joke_03.ubulk" 2091
"D:/Babys2ndAnnihilation/BitWindy/Content/Audio/SoundFiles/Dialogue/Announcer/Joke/BFA_DLG_SFX_Announcer_Joke_03.uasset" 2092
"D:/Babys2ndAnnihilation/BitWindy/Content/Audio/SoundFiles/Dialogue/Announcer/Joke/BFA_DLG_SFX_Announcer_Joke_03.uexp" 2093
"D:/Babys2ndAnnihilation/BitWindy/Content/Audio/SoundFiles/Dialogue/Announcer/Joke/BFA_DLG_SFX_Announcer_Joke_04.ubulk" 2094
"D:/Babys2ndAnnihilation/BitWindy/Content/Audio/SoundFiles/Dialogue/Announcer/Joke/BFA_DLG_SFX_Announcer_Joke_04.uasset" 2095
"D:/Babys2ndAnnihilation/BitWindy/Content/Audio/SoundFiles/Dialogue/Announcer/Joke/BFA_DLG_SFX_Announcer_Joke_04.uexp" 2096
"D:/Babys2ndAnnihilation/BitWindy/Content/Audio/SoundFiles/Dialogue/Announcer/Joke/BFA_DLG_SFX_Announcer_Joke_05.ubulk" 2097
"D:/Babys2ndAnnihilation/BitWindy/Content/Audio/SoundFiles/Dialogue/Announcer/Joke/BFA_DLG_SFX_Announcer_Joke_05.uasset" 2098
"D:/Babys2ndAnnihilation/BitWindy/Content/Audio/SoundFiles/Dialogue/Announcer/Joke/BFA_DLG_SFX_Announcer_Joke_05.uexp" 2099
"D:/Babys2ndAnnihilation/BitWindy/Content/Audio/SoundFiles/Dialogue/Announcer/RoundBegin/BFA_DLG_SFX_Announcer_RoundBegins_01.ubulk" 2100
"D:/Babys2ndAnnihilation/BitWindy/Content/Audio/SoundFiles/Dialogue/Announcer/RoundBegin/BFA_DLG_SFX_Announcer_RoundBegins_01.uasset" 2101
"D:/Babys2ndAnnihilation/BitWindy/Content/Audio/SoundFiles/Dialogue/Announcer/RoundBegin/BFA_DLG_SFX_Announcer_RoundBegins_01.uexp" 2102
"D:/Babys2ndAnnihilation/BitWindy/Content/Audio/SoundFiles/Dialogue/Announcer/RoundBegin/BFA_DLG_SFX_Announcer_RoundBegins_02.ubulk" 2103
"D:/Babys2ndAnnihilation/BitWindy/Content/Audio/SoundFiles/Dialogue/Announcer/RoundBegin/BFA_DLG_SFX_Announcer_RoundBegins_02.uasset" 2104
"D:/Babys2ndAnnihilation/BitWindy/Content/Audio/SoundFiles/Dialogue/Announcer/RoundBegin/BFA_DLG_SFX_Announcer_RoundBegins_02.uexp" 2105
"D:/Babys2ndAnnihilation/BitWindy/Content/Audio/SoundFiles/Dialogue/Announcer/RoundBegin/BFA_DLG_SFX_Announcer_RoundBegins_03.ubulk" 2106
"D:/Babys2ndAnnihilation/BitWindy/Content/Audio/SoundFiles/Dialogue/Announcer/RoundBegin/BFA_DLG_SFX_Announcer_RoundBegins_03.uasset" 2107
"D:/Babys2ndAnnihilation/BitWindy/Content/Audio/SoundFiles/Dialogue/Announcer/RoundBegin/BFA_DLG_SFX_Announcer_RoundBegins_03.uexp" 2108
"D:/Babys2ndAnnihilation/BitWindy/Content/Audio/SoundFiles/Dialogue/Announcer/RoundEnds/BFA_DLG_SFX_Announcer_RoundEnds_01.ubulk" 2109
"D:/Babys2ndAnnihilation/BitWindy/Content/Audio/SoundFiles/Dialogue/Announcer/RoundEnds/BFA_DLG_SFX_Announcer_RoundEnds_01.uasset" 2110
"D:/Babys2ndAnnihilation/BitWindy/Content/Audio/SoundFiles/Dialogue/Announcer/RoundEnds/BFA_DLG_SFX_Announcer_RoundEnds_01.uexp" 2111
"D:/Babys2ndAnnihilation/BitWindy/Content/Audio/SoundFiles/Dialogue/Announcer/RoundEnds/BFA_DLG_SFX_Announcer_RoundEnds_02.ubulk" 2112
"D:/Babys2ndAnnihilation/BitWindy/Content/Audio/SoundFiles/Dialogue/Announcer/RoundEnds/BFA_DLG_SFX_Announcer_RoundEnds_02.uasset" 2113
"D:/Babys2ndAnnihilation/BitWindy/Content/Audio/SoundFiles/Dialogue/Announcer/RoundEnds/BFA_DLG_SFX_Announcer_RoundEnds_02.uexp" 2114
"D:/Babys2ndAnnihilation/BitWindy/Content/Audio/SoundFiles/Dialogue/Announcer/RoundEnds/BFA_DLG_SFX_Announcer_RoundEnds_03.ubulk" 2115
"D:/Babys2ndAnnihilation/BitWindy/Content/Audio/SoundFiles/Dialogue/Announcer/RoundEnds/BFA_DLG_SFX_Announcer_RoundEnds_03.uasset" 2116
"D:/Babys2ndAnnihilation/BitWindy/Content/Audio/SoundFiles/Dialogue/Announcer/RoundEnds/BFA_DLG_SFX_Announcer_RoundEnds_03.uexp" 2117
"D:/Babys2ndAnnihilation/BitWindy/Content/Audio/SoundFiles/Dialogue/Announcer/RoundEnds/BFA_DLG_SFX_Announcer_RoundEnds_04.ubulk" 2118
"D:/Babys2ndAnnihilation/BitWindy/Content/Audio/SoundFiles/Dialogue/Announcer/RoundEnds/BFA_DLG_SFX_Announcer_RoundEnds_04.uasset" 2119
"D:/Babys2ndAnnihilation/BitWindy/Content/Audio/SoundFiles/Dialogue/Announcer/RoundEnds/BFA_DLG_SFX_Announcer_RoundEnds_04.uexp" 2120
"D:/Babys2ndAnnihilation/BitWindy/Content/Audio/SoundFiles/Dialogue/Announcer/RoundEnds/BFA_DLG_SFX_Announcer_RoundEnds_05.ubulk" 2121
"D:/Babys2ndAnnihilation/BitWindy/Content/Audio/SoundFiles/Dialogue/Announcer/RoundEnds/BFA_DLG_SFX_Announcer_RoundEnds_05.uasset" 2122
"D:/Babys2ndAnnihilation/BitWindy/Content/Audio/SoundFiles/Dialogue/Announcer/RoundEnds/BFA_DLG_SFX_Announcer_RoundEnds_05.uexp" 2123
"D:/Babys2ndAnnihilation/BitWindy/Content/Audio/SoundFiles/Dialogue/Announcer/RoundLoss/BFA_DLG_SFX_Announcer_RoundLoss_01.ubulk" 2124
"D:/Babys2ndAnnihilation/BitWindy/Content/Audio/SoundFiles/Dialogue/Announcer/RoundLoss/BFA_DLG_SFX_Announcer_RoundLoss_01.uasset" 2125
"D:/Babys2ndAnnihilation/BitWindy/Content/Audio/SoundFiles/Dialogue/Announcer/RoundLoss/BFA_DLG_SFX_Announcer_RoundLoss_01.uexp" 2126
"D:/Babys2ndAnnihilation/BitWindy/Content/Audio/SoundFiles/Dialogue/Announcer/RoundLoss/BFA_DLG_SFX_Announcer_RoundLoss_02.ubulk" 2127
"D:/Babys2ndAnnihilation/BitWindy/Content/Audio/SoundFiles/Dialogue/Announcer/RoundLoss/BFA_DLG_SFX_Announcer_RoundLoss_02.uasset" 2128
"D:/Babys2ndAnnihilation/BitWindy/Content/Audio/SoundFiles/Dialogue/Announcer/RoundLoss/BFA_DLG_SFX_Announcer_RoundLoss_02.uexp" 2129
"D:/Babys2ndAnnihilation/BitWindy/Content/Audio/SoundFiles/Dialogue/Announcer/RoundLoss/BFA_DLG_SFX_Announcer_RoundLoss_03.ubulk" 2130
"D:/Babys2ndAnnihilation/BitWindy/Content/Audio/SoundFiles/Dialogue/Announcer/RoundLoss/BFA_DLG_SFX_Announcer_RoundLoss_03.uasset" 2131
"D:/Babys2ndAnnihilation/BitWindy/Content/Audio/SoundFiles/Dialogue/Announcer/RoundLoss/BFA_DLG_SFX_Announcer_RoundLoss_03.uexp" 2132
"D:/Babys2ndAnnihilation/BitWindy/Content/Audio/SoundFiles/Dialogue/Announcer/RoundLoss/BFA_DLG_SFX_Announcer_RoundLoss_04.ubulk" 2133
"D:/Babys2ndAnnihilation/BitWindy/Content/Audio/SoundFiles/Dialogue/Announcer/RoundLoss/BFA_DLG_SFX_Announcer_RoundLoss_04.uasset" 2134
"D:/Babys2ndAnnihilation/BitWindy/Content/Audio/SoundFiles/Dialogue/Announcer/RoundLoss/BFA_DLG_SFX_Announcer_RoundLoss_04.uexp" 2135
"D:/Babys2ndAnnihilation/BitWindy/Content/Audio/SoundFiles/Dialogue/Announcer/RoundLoss/BFA_DLG_SFX_Announcer_RoundLoss_05.ubulk" 2136
"D:/Babys2ndAnnihilation/BitWindy/Content/Audio/SoundFiles/Dialogue/Announcer/RoundLoss/BFA_DLG_SFX_Announcer_RoundLoss_05.uasset" 2137
"D:/Babys2ndAnnihilation/BitWindy/Content/Audio/SoundFiles/Dialogue/Announcer/RoundLoss/BFA_DLG_SFX_Announcer_RoundLoss_05.uexp" 2138
"D:/Babys2ndAnnihilation/BitWindy/Content/Audio/SoundFiles/Dialogue/Announcer/RoundWin/BFA_DLG_SFX_Announcer_RoundWin_01.ubulk" 2139
"D:/Babys2ndAnnihilation/BitWindy/Content/Audio/SoundFiles/Dialogue/Announcer/RoundWin/BFA_DLG_SFX_Announcer_RoundWin_01.uasset" 2140
"D:/Babys2ndAnnihilation/BitWindy/Content/Audio/SoundFiles/Dialogue/Announcer/RoundWin/BFA_DLG_SFX_Announcer_RoundWin_01.uexp" 2141
"D:/Babys2ndAnnihilation/BitWindy/Content/Audio/SoundFiles/Dialogue/Announcer/RoundWin/BFA_DLG_SFX_Announcer_RoundWin_02.ubulk" 2142
"D:/Babys2ndAnnihilation/BitWindy/Content/Audio/SoundFiles/Dialogue/Announcer/RoundWin/BFA_DLG_SFX_Announcer_RoundWin_02.uasset" 2143
"D:/Babys2ndAnnihilation/BitWindy/Content/Audio/SoundFiles/Dialogue/Announcer/RoundWin/BFA_DLG_SFX_Announcer_RoundWin_02.uexp" 2144
"D:/Babys2ndAnnihilation/BitWindy/Content/Audio/SoundFiles/SFX/Silence/BFA_SFX_Silence.ubulk" 2145
"D:/Babys2ndAnnihilation/BitWindy/Content/Audio/SoundFiles/SFX/Silence/BFA_SFX_Silence.uasset" 2146
"D:/Babys2ndAnnihilation/BitWindy/Content/Audio/SoundFiles/SFX/Silence/BFA_SFX_Silence.uexp" 2147
"D:/Babys2ndAnnihilation/BitWindy/Content/Audio/Metasounds/Sources/MS_DLG_SFX_Announcer.uasset" 2148
"D:/Babys2ndAnnihilation/BitWindy/Content/Audio/Metasounds/Sources/MS_DLG_SFX_Announcer.uexp" 2149
"D:/Babys2ndAnnihilation/BitWindy/Content/Audio/SoundFiles/Music/Combat/BFA_MX_InGame_Combat_01.ubulk" 2150
"D:/Babys2ndAnnihilation/BitWindy/Content/Audio/SoundFiles/Music/Combat/BFA_MX_InGame_Combat_01.uasset" 2151
"D:/Babys2ndAnnihilation/BitWindy/Content/Audio/SoundFiles/Music/Combat/BFA_MX_InGame_Combat_01.uexp" 2152
"D:/Babys2ndAnnihilation/BitWindy/Content/Audio/SoundFiles/Music/Combat/BFA_MX_InGame_Combat_02.ubulk" 2153
"D:/Babys2ndAnnihilation/BitWindy/Content/Audio/SoundFiles/Music/Combat/BFA_MX_InGame_Combat_02.uasset" 2154
"D:/Babys2ndAnnihilation/BitWindy/Content/Audio/SoundFiles/Music/Combat/BFA_MX_InGame_Combat_02.uexp" 2155
"D:/Babys2ndAnnihilation/BitWindy/Content/Audio/SoundFiles/Music/Combat/BFA_MX_InGame_Combat_03.ubulk" 2156
"D:/Babys2ndAnnihilation/BitWindy/Content/Audio/SoundFiles/Music/Combat/BFA_MX_InGame_Combat_03.uasset" 2157
"D:/Babys2ndAnnihilation/BitWindy/Content/Audio/SoundFiles/Music/Combat/BFA_MX_InGame_Combat_03.uexp" 2158
"D:/Babys2ndAnnihilation/BitWindy/Content/Audio/SoundFiles/Music/Combat/BFA_MX_InGame_Combat_04.ubulk" 2159
"D:/Babys2ndAnnihilation/BitWindy/Content/Audio/SoundFiles/Music/Combat/BFA_MX_InGame_Combat_04.uasset" 2160
"D:/Babys2ndAnnihilation/BitWindy/Content/Audio/SoundFiles/Music/Combat/BFA_MX_InGame_Combat_04.uexp" 2161
"D:/Babys2ndAnnihilation/BitWindy/Content/Audio/SoundFiles/Music/Combat/BFA_MX_InGame_Combat_Drone_Loop.ubulk" 2162
"D:/Babys2ndAnnihilation/BitWindy/Content/Audio/SoundFiles/Music/Combat/BFA_MX_InGame_Combat_Drone_Loop.uasset" 2163
"D:/Babys2ndAnnihilation/BitWindy/Content/Audio/SoundFiles/Music/Combat/BFA_MX_InGame_Combat_Drone_Loop.uexp" 2164
"D:/Babys2ndAnnihilation/BitWindy/Content/Audio/SoundFiles/Music/Combat/BFA_MX_InGame_Combat_Transition_01.ubulk" 2165
"D:/Babys2ndAnnihilation/BitWindy/Content/Audio/SoundFiles/Music/Combat/BFA_MX_InGame_Combat_Transition_01.uasset" 2166
"D:/Babys2ndAnnihilation/BitWindy/Content/Audio/SoundFiles/Music/Combat/BFA_MX_InGame_Combat_Transition_01.uexp" 2167
"D:/Babys2ndAnnihilation/BitWindy/Content/Audio/SoundFiles/Music/Combat/BFA_MX_InGame_Combat_Transition_02.ubulk" 2168
"D:/Babys2ndAnnihilation/BitWindy/Content/Audio/SoundFiles/Music/Combat/BFA_MX_InGame_Combat_Transition_02.uasset" 2169
"D:/Babys2ndAnnihilation/BitWindy/Content/Audio/SoundFiles/Music/Combat/BFA_MX_InGame_Combat_Transition_02.uexp" 2170
"D:/Babys2ndAnnihilation/BitWindy/Content/Audio/SoundFiles/Music/Combat/BFA_MX_InGame_Combat_Transition_03.ubulk" 2171
"D:/Babys2ndAnnihilation/BitWindy/Content/Audio/SoundFiles/Music/Combat/BFA_MX_InGame_Combat_Transition_03.uasset" 2172
"D:/Babys2ndAnnihilation/BitWindy/Content/Audio/SoundFiles/Music/Combat/BFA_MX_InGame_Combat_Transition_03.uexp" 2173
"D:/Babys2ndAnnihilation/BitWindy/Content/Audio/Metasounds/Sources/MS_MX_PLY_Combat.uasset" 2174
"D:/Babys2ndAnnihilation/BitWindy/Content/Audio/Metasounds/Sources/MS_MX_PLY_Combat.uexp" 2175
"D:/Babys2ndAnnihilation/BitWindy/Content/Blueprints/GameArchitecture/BP_MusicManager.uasset" 2176
"D:/Babys2ndAnnihilation/BitWindy/Content/Blueprints/GameArchitecture/BP_MusicManager.uexp" 2177
"D:/Babys2ndAnnihilation/BitWindy/Content/Blueprints/GameArchitecture/Settings/BP_GameSettings_Default.uasset" 2178
"D:/Babys2ndAnnihilation/BitWindy/Content/Blueprints/GameArchitecture/Settings/BP_GameSettings_Default.uexp" 2179
"D:/Babys2ndAnnihilation/BitWindy/Content/Blueprints/GameArchitecture/Settings/BP_GameSettings_Testing.uasset" 2180
"D:/Babys2ndAnnihilation/BitWindy/Content/Blueprints/GameArchitecture/Settings/BP_GameSettings_Testing.uexp" 2181
"D:/Babys2ndAnnihilation/BitWindy/Content/UI/Widgets/WB_CentreScreenText.uasset" 2182
"D:/Babys2ndAnnihilation/BitWindy/Content/UI/Widgets/WB_CentreScreenText.uexp" 2183
"D:/Babys2ndAnnihilation/BitWindy/Content/Blueprints/GameArchitecture/BP_TowerDefense_GameMode.uasset" 2184
"D:/Babys2ndAnnihilation/BitWindy/Content/Blueprints/GameArchitecture/BP_TowerDefense_GameMode.uexp" 2185
"../../../Engine/Content/EngineSky/VolumetricClouds/VT_PerlinWorley_Balanced.uasset" 2186
"../../../Engine/Content/EngineSky/VolumetricClouds/VT_PerlinWorley_Balanced.uexp" 2187
"../../../Engine/Content/EngineSky/VolumetricClouds/T_Profile_08.ubulk" 2188
"../../../Engine/Content/EngineSky/VolumetricClouds/T_Profile_08.uasset" 2189
"../../../Engine/Content/EngineSky/VolumetricClouds/T_Profile_08.uexp" 2190
"../../../Engine/Content/EngineSky/VolumetricClouds/T_CloudPattern.ubulk" 2191
"../../../Engine/Content/EngineSky/VolumetricClouds/T_CloudPattern.uasset" 2192
"../../../Engine/Content/EngineSky/VolumetricClouds/T_CloudPattern.uexp" 2193
"../../../Engine/Content/EngineSky/VolumetricClouds/T_CloudMask.ubulk" 2194
"../../../Engine/Content/EngineSky/VolumetricClouds/T_CloudMask.uasset" 2195
"../../../Engine/Content/EngineSky/VolumetricClouds/T_CloudMask.uexp" 2196
"../../../Engine/Content/Functions/Engine_MaterialFunctions02/Utility/BreakOutFloat4Components.uasset" 2197
"../../../Engine/Content/Functions/Engine_MaterialFunctions02/Utility/BreakOutFloat4Components.uexp" 2198
"../../../Engine/Content/Functions/Engine_MaterialFunctions02/Utility/MakeFloat4.uasset" 2199
"../../../Engine/Content/Functions/Engine_MaterialFunctions02/Utility/MakeFloat4.uexp" 2200
"../../../Engine/Content/EngineResources/DefaultVolumeTexture2D.uasset" 2201
"../../../Engine/Content/EngineResources/DefaultVolumeTexture2D.uexp" 2202
"../../../Engine/Content/EngineResources/DefaultVolumeTexture.uasset" 2203
"../../../Engine/Content/EngineResources/DefaultVolumeTexture.uexp" 2204
"../../../Engine/Content/EngineSky/VolumetricClouds/VT_Lightning.uasset" 2205
"../../../Engine/Content/EngineSky/VolumetricClouds/VT_Lightning.uexp" 2206
"../../../Engine/Content/Functions/Engine_MaterialFunctions01/Units/Km-to-Cm.uasset" 2207
"../../../Engine/Content/Functions/Engine_MaterialFunctions01/Units/Km-to-Cm.uexp" 2208
"../../../Engine/Content/EngineSky/VolumetricClouds/m_SimpleVolumetricCloud.uasset" 2209
"../../../Engine/Content/EngineSky/VolumetricClouds/m_SimpleVolumetricCloud.uexp" 2210
"../../../Engine/Content/EngineSky/VolumetricClouds/m_SimpleVolumetricCloud_Inst.uasset" 2211
"../../../Engine/Content/EngineSky/VolumetricClouds/m_SimpleVolumetricCloud_Inst.uexp" 2212
"../../../Engine/Plugins/Interchange/Assets/Content/gltf/MaterialInstances/MI_Default_Opaque_DS.uasset" 2213
"../../../Engine/Plugins/Interchange/Assets/Content/gltf/MaterialInstances/MI_Default_Opaque_DS.uexp" 2214
"D:/Babys2ndAnnihilation/BitWindy/Content/Levels/Props_Used_In_Blockout/playgroud/playground/Materials/material.uasset" 2215
"D:/Babys2ndAnnihilation/BitWindy/Content/Levels/Props_Used_In_Blockout/playgroud/playground/Materials/material.uexp" 2216
"D:/Babys2ndAnnihilation/BitWindy/Content/Levels/Props_Used_In_Blockout/playgroud/playground/StaticMeshes/Seesaw_Red_0.ubulk" 2217
"D:/Babys2ndAnnihilation/BitWindy/Content/Levels/Props_Used_In_Blockout/playgroud/playground/StaticMeshes/Seesaw_Red_0.uasset" 2218
"D:/Babys2ndAnnihilation/BitWindy/Content/Levels/Props_Used_In_Blockout/playgroud/playground/StaticMeshes/Seesaw_Red_0.uexp" 2219
"D:/Babys2ndAnnihilation/BitWindy/Content/Levels/Props_Used_In_Blockout/playgroud/playground/Materials/Yellow.uasset" 2220
"D:/Babys2ndAnnihilation/BitWindy/Content/Levels/Props_Used_In_Blockout/playgroud/playground/Materials/Yellow.uexp" 2221
"D:/Babys2ndAnnihilation/BitWindy/Content/Levels/Props_Used_In_Blockout/playgroud/playground/Materials/DarkRed.uasset" 2222
"D:/Babys2ndAnnihilation/BitWindy/Content/Levels/Props_Used_In_Blockout/playgroud/playground/Materials/DarkRed.uexp" 2223
"D:/Babys2ndAnnihilation/BitWindy/Content/Blueprints/Actors/Seesaw/SM_SeeSawTable.ubulk" 2224
"D:/Babys2ndAnnihilation/BitWindy/Content/Blueprints/Actors/Seesaw/SM_SeeSawTable.uasset" 2225
"D:/Babys2ndAnnihilation/BitWindy/Content/Blueprints/Actors/Seesaw/SM_SeeSawTable.uexp" 2226
"D:/Babys2ndAnnihilation/BitWindy/Content/Blueprints/Actors/Seesaw/BP_SeeSaw.uasset" 2227
"D:/Babys2ndAnnihilation/BitWindy/Content/Blueprints/Actors/Seesaw/BP_SeeSaw.uexp" 2228
"D:/Babys2ndAnnihilation/BitWindy/Content/Levels/Props_Used_In_Blockout/playgroud/playground/StaticMeshes/polySurface2_Red_0.ubulk" 2229
"D:/Babys2ndAnnihilation/BitWindy/Content/Levels/Props_Used_In_Blockout/playgroud/playground/StaticMeshes/polySurface2_Red_0.uasset" 2230
"D:/Babys2ndAnnihilation/BitWindy/Content/Levels/Props_Used_In_Blockout/playgroud/playground/StaticMeshes/polySurface2_Red_0.uexp" 2231
"D:/Babys2ndAnnihilation/BitWindy/Content/Blueprints/Actors/Swings/BP_Swings.uasset" 2232
"D:/Babys2ndAnnihilation/BitWindy/Content/Blueprints/Actors/Swings/BP_Swings.uexp" 2233
"D:/Babys2ndAnnihilation/BitWindy/Content/PolygonPrototype/PolygonPrototype/Textures/T_PolygonPrototype_01.ubulk" 2234
"D:/Babys2ndAnnihilation/BitWindy/Content/PolygonPrototype/PolygonPrototype/Textures/T_PolygonPrototype_01.uasset" 2235
"D:/Babys2ndAnnihilation/BitWindy/Content/PolygonPrototype/PolygonPrototype/Textures/T_PolygonPrototype_01.uexp" 2236
"D:/Babys2ndAnnihilation/BitWindy/Content/PolygonPrototype/PolygonPrototype/Materials/Mat_PolygonPrototype_01.uasset" 2237
"D:/Babys2ndAnnihilation/BitWindy/Content/PolygonPrototype/PolygonPrototype/Materials/Mat_PolygonPrototype_01.uexp" 2238
"D:/Babys2ndAnnihilation/BitWindy/Content/PolygonPrototype/PolygonPrototype/Materials/Mat_PolygonPrototype_Global_Grid_01_Inst.uasset" 2239
"D:/Babys2ndAnnihilation/BitWindy/Content/PolygonPrototype/PolygonPrototype/Materials/Mat_PolygonPrototype_Global_Grid_01_Inst.uexp" 2240
"D:/Babys2ndAnnihilation/BitWindy/Content/PolygonPrototype/PolygonPrototype/Meshes/Generic/SM_Generic_Tree_02.ubulk" 2241
"D:/Babys2ndAnnihilation/BitWindy/Content/PolygonPrototype/PolygonPrototype/Meshes/Generic/SM_Generic_Tree_02.uasset" 2242
"D:/Babys2ndAnnihilation/BitWindy/Content/PolygonPrototype/PolygonPrototype/Meshes/Generic/SM_Generic_Tree_02.uexp" 2243
"D:/Babys2ndAnnihilation/BitWindy/Content/Audio/SoundFiles/Ambience/One-Shot/BFA_AMB_Tree_Wind_Gust_10.ubulk" 2244
"D:/Babys2ndAnnihilation/BitWindy/Content/Audio/SoundFiles/Ambience/One-Shot/BFA_AMB_Tree_Wind_Gust_10.uasset" 2245
"D:/Babys2ndAnnihilation/BitWindy/Content/Audio/SoundFiles/Ambience/One-Shot/BFA_AMB_Tree_Wind_Gust_10.uexp" 2246
"D:/Babys2ndAnnihilation/BitWindy/Content/Audio/SoundFiles/Ambience/One-Shot/BFA_AMB_Tree_Wind_Gust_09.ubulk" 2247
"D:/Babys2ndAnnihilation/BitWindy/Content/Audio/SoundFiles/Ambience/One-Shot/BFA_AMB_Tree_Wind_Gust_09.uasset" 2248
"D:/Babys2ndAnnihilation/BitWindy/Content/Audio/SoundFiles/Ambience/One-Shot/BFA_AMB_Tree_Wind_Gust_09.uexp" 2249
"D:/Babys2ndAnnihilation/BitWindy/Content/Audio/SoundFiles/Ambience/One-Shot/BFA_AMB_Tree_Wind_Gust_08.ubulk" 2250
"D:/Babys2ndAnnihilation/BitWindy/Content/Audio/SoundFiles/Ambience/One-Shot/BFA_AMB_Tree_Wind_Gust_08.uasset" 2251
"D:/Babys2ndAnnihilation/BitWindy/Content/Audio/SoundFiles/Ambience/One-Shot/BFA_AMB_Tree_Wind_Gust_08.uexp" 2252
"D:/Babys2ndAnnihilation/BitWindy/Content/Audio/SoundFiles/Ambience/One-Shot/BFA_AMB_Tree_Wind_Gust_07.ubulk" 2253
"D:/Babys2ndAnnihilation/BitWindy/Content/Audio/SoundFiles/Ambience/One-Shot/BFA_AMB_Tree_Wind_Gust_07.uasset" 2254
"D:/Babys2ndAnnihilation/BitWindy/Content/Audio/SoundFiles/Ambience/One-Shot/BFA_AMB_Tree_Wind_Gust_07.uexp" 2255
"D:/Babys2ndAnnihilation/BitWindy/Content/Audio/SoundFiles/Ambience/One-Shot/BFA_AMB_Tree_Wind_Gust_06.ubulk" 2256
"D:/Babys2ndAnnihilation/BitWindy/Content/Audio/SoundFiles/Ambience/One-Shot/BFA_AMB_Tree_Wind_Gust_06.uasset" 2257
"D:/Babys2ndAnnihilation/BitWindy/Content/Audio/SoundFiles/Ambience/One-Shot/BFA_AMB_Tree_Wind_Gust_06.uexp" 2258
"D:/Babys2ndAnnihilation/BitWindy/Content/Audio/SoundFiles/Ambience/One-Shot/BFA_AMB_Tree_Wind_Gust_05.ubulk" 2259
"D:/Babys2ndAnnihilation/BitWindy/Content/Audio/SoundFiles/Ambience/One-Shot/BFA_AMB_Tree_Wind_Gust_05.uasset" 2260
"D:/Babys2ndAnnihilation/BitWindy/Content/Audio/SoundFiles/Ambience/One-Shot/BFA_AMB_Tree_Wind_Gust_05.uexp" 2261
"D:/Babys2ndAnnihilation/BitWindy/Content/Audio/SoundFiles/Ambience/One-Shot/BFA_AMB_Tree_Wind_Gust_04.ubulk" 2262
"D:/Babys2ndAnnihilation/BitWindy/Content/Audio/SoundFiles/Ambience/One-Shot/BFA_AMB_Tree_Wind_Gust_04.uasset" 2263
"D:/Babys2ndAnnihilation/BitWindy/Content/Audio/SoundFiles/Ambience/One-Shot/BFA_AMB_Tree_Wind_Gust_04.uexp" 2264
"D:/Babys2ndAnnihilation/BitWindy/Content/Audio/SoundFiles/Ambience/One-Shot/BFA_AMB_Tree_Wind_Gust_03.ubulk" 2265
"D:/Babys2ndAnnihilation/BitWindy/Content/Audio/SoundFiles/Ambience/One-Shot/BFA_AMB_Tree_Wind_Gust_03.uasset" 2266
"D:/Babys2ndAnnihilation/BitWindy/Content/Audio/SoundFiles/Ambience/One-Shot/BFA_AMB_Tree_Wind_Gust_03.uexp" 2267
"D:/Babys2ndAnnihilation/BitWindy/Content/Audio/SoundFiles/Ambience/One-Shot/BFA_AMB_Tree_Wind_Gust_02.ubulk" 2268
"D:/Babys2ndAnnihilation/BitWindy/Content/Audio/SoundFiles/Ambience/One-Shot/BFA_AMB_Tree_Wind_Gust_02.uasset" 2269
"D:/Babys2ndAnnihilation/BitWindy/Content/Audio/SoundFiles/Ambience/One-Shot/BFA_AMB_Tree_Wind_Gust_02.uexp" 2270
"D:/Babys2ndAnnihilation/BitWindy/Content/Audio/SoundFiles/Ambience/One-Shot/BFA_AMB_Tree_Wind_Gust_01.ubulk" 2271
"D:/Babys2ndAnnihilation/BitWindy/Content/Audio/SoundFiles/Ambience/One-Shot/BFA_AMB_Tree_Wind_Gust_01.uasset" 2272
"D:/Babys2ndAnnihilation/BitWindy/Content/Audio/SoundFiles/Ambience/One-Shot/BFA_AMB_Tree_Wind_Gust_01.uexp" 2273
"D:/Babys2ndAnnihilation/BitWindy/Content/Audio/Metasounds/Sources/MS_AMB_PLY_Outdoor_Tree.uasset" 2274
"D:/Babys2ndAnnihilation/BitWindy/Content/Audio/Metasounds/Sources/MS_AMB_PLY_Outdoor_Tree.uexp" 2275
"D:/Babys2ndAnnihilation/BitWindy/Content/Blueprints/Actors/Environment/BP_Tree.uasset" 2276
"D:/Babys2ndAnnihilation/BitWindy/Content/Blueprints/Actors/Environment/BP_Tree.uexp" 2277
"D:/Babys2ndAnnihilation/BitWindy/Content/Audio/SoundFiles/SFX/Powerup/BFA_SFX_Powerup_Pickup.ubulk" 2278
"D:/Babys2ndAnnihilation/BitWindy/Content/Audio/SoundFiles/SFX/Powerup/BFA_SFX_Powerup_Pickup.uasset" 2279
"D:/Babys2ndAnnihilation/BitWindy/Content/Audio/SoundFiles/SFX/Powerup/BFA_SFX_Powerup_Pickup.uexp" 2280
"D:/Babys2ndAnnihilation/BitWindy/Content/Audio/Metasounds/Sources/MS_SFX_Powerup_Pickup.uasset" 2281
"D:/Babys2ndAnnihilation/BitWindy/Content/Audio/Metasounds/Sources/MS_SFX_Powerup_Pickup.uexp" 2282
"D:/Babys2ndAnnihilation/BitWindy/Content/Blueprints/BP_Pickup.uasset" 2283
"D:/Babys2ndAnnihilation/BitWindy/Content/Blueprints/BP_Pickup.uexp" 2284
"D:/Babys2ndAnnihilation/BitWindy/Content/sA_PickupSet_1/Models/SM_Pickup_ss.ubulk" 2285
"D:/Babys2ndAnnihilation/BitWindy/Content/sA_PickupSet_1/Models/SM_Pickup_ss.uasset" 2286
"D:/Babys2ndAnnihilation/BitWindy/Content/sA_PickupSet_1/Models/SM_Pickup_ss.uexp" 2287
"D:/Babys2ndAnnihilation/BitWindy/Content/sA_PickupSet_1/Models/SM_Pickup_Health.ubulk" 2288
"D:/Babys2ndAnnihilation/BitWindy/Content/sA_PickupSet_1/Models/SM_Pickup_Health.uasset" 2289
"D:/Babys2ndAnnihilation/BitWindy/Content/sA_PickupSet_1/Models/SM_Pickup_Health.uexp" 2290
"D:/Babys2ndAnnihilation/BitWindy/Content/sA_PickupSet_1/Materials/Textures/T_NoiseCloud_1.ubulk" 2291
"D:/Babys2ndAnnihilation/BitWindy/Content/sA_PickupSet_1/Materials/Textures/T_NoiseCloud_1.uasset" 2292
"D:/Babys2ndAnnihilation/BitWindy/Content/sA_PickupSet_1/Materials/Textures/T_NoiseCloud_1.uexp" 2293
"D:/Babys2ndAnnihilation/BitWindy/Content/sA_PickupSet_1/Materials/Textures/T_NoiseCloud_2.ubulk" 2294
"D:/Babys2ndAnnihilation/BitWindy/Content/sA_PickupSet_1/Materials/Textures/T_NoiseCloud_2.uasset" 2295
"D:/Babys2ndAnnihilation/BitWindy/Content/sA_PickupSet_1/Materials/Textures/T_NoiseCloud_2.uexp" 2296
"D:/Babys2ndAnnihilation/BitWindy/Content/sA_PickupSet_1/Materials/Textures/T_Beam_01.ubulk" 2297
"D:/Babys2ndAnnihilation/BitWindy/Content/sA_PickupSet_1/Materials/Textures/T_Beam_01.uasset" 2298
"D:/Babys2ndAnnihilation/BitWindy/Content/sA_PickupSet_1/Materials/Textures/T_Beam_01.uexp" 2299
"D:/Babys2ndAnnihilation/BitWindy/Content/sA_PickupSet_1/Materials/M_AdditiveScrollNiagara.uasset" 2300
"D:/Babys2ndAnnihilation/BitWindy/Content/sA_PickupSet_1/Materials/M_AdditiveScrollNiagara.uexp" 2301
"D:/Babys2ndAnnihilation/BitWindy/Content/sA_PickupSet_1/Materials/Textures/T_Ray_5.ubulk" 2302
"D:/Babys2ndAnnihilation/BitWindy/Content/sA_PickupSet_1/Materials/Textures/T_Ray_5.uasset" 2303
"D:/Babys2ndAnnihilation/BitWindy/Content/sA_PickupSet_1/Materials/Textures/T_Ray_5.uexp" 2304
"D:/Babys2ndAnnihilation/BitWindy/Content/sA_PickupSet_1/Materials/MI_Scroll_1.uasset" 2305
"D:/Babys2ndAnnihilation/BitWindy/Content/sA_PickupSet_1/Materials/MI_Scroll_1.uexp" 2306
"D:/Babys2ndAnnihilation/BitWindy/Content/sA_PickupSet_1/Materials/M_Master_Fresnel.uasset" 2307
"D:/Babys2ndAnnihilation/BitWindy/Content/sA_PickupSet_1/Materials/M_Master_Fresnel.uexp" 2308
"D:/Babys2ndAnnihilation/BitWindy/Content/sA_PickupSet_1/Materials/MI_Fresnel.uasset" 2309
"D:/Babys2ndAnnihilation/BitWindy/Content/sA_PickupSet_1/Materials/MI_Fresnel.uexp" 2310
"../../../Engine/Content/Functions/Engine_MaterialFunctions01/ImageAdjustment/DeriveHDRfromLDR.uasset" 2311
"../../../Engine/Content/Functions/Engine_MaterialFunctions01/ImageAdjustment/DeriveHDRfromLDR.uexp" 2312
"D:/Babys2ndAnnihilation/BitWindy/Content/sA_PickupSet_1/Materials/Textures/T_Noise_DistortedCaustic.ubulk" 2313
"D:/Babys2ndAnnihilation/BitWindy/Content/sA_PickupSet_1/Materials/Textures/T_Noise_DistortedCaustic.uasset" 2314
"D:/Babys2ndAnnihilation/BitWindy/Content/sA_PickupSet_1/Materials/Textures/T_Noise_DistortedCaustic.uexp" 2315
"D:/Babys2ndAnnihilation/BitWindy/Content/sA_PickupSet_1/Materials/Textures/T_NoiseFurry.ubulk" 2316
"D:/Babys2ndAnnihilation/BitWindy/Content/sA_PickupSet_1/Materials/Textures/T_NoiseFurry.uasset" 2317
"D:/Babys2ndAnnihilation/BitWindy/Content/sA_PickupSet_1/Materials/Textures/T_NoiseFurry.uexp" 2318
"D:/Babys2ndAnnihilation/BitWindy/Content/sA_PickupSet_1/Materials/M_sA_Aura.uasset" 2319
"D:/Babys2ndAnnihilation/BitWindy/Content/sA_PickupSet_1/Materials/M_sA_Aura.uexp" 2320
"D:/Babys2ndAnnihilation/BitWindy/Content/sA_PickupSet_1/Materials/MI_Aura_1.uasset" 2321
"D:/Babys2ndAnnihilation/BitWindy/Content/sA_PickupSet_1/Materials/MI_Aura_1.uexp" 2322
"D:/Babys2ndAnnihilation/BitWindy/Content/sA_PickupSet_1/Fx/NiagaraSystems/NS_Pickup_3.uasset" 2323
"D:/Babys2ndAnnihilation/BitWindy/Content/sA_PickupSet_1/Fx/NiagaraSystems/NS_Pickup_3.uexp" 2324
"D:/Babys2ndAnnihilation/BitWindy/Content/Audio/SoundFiles/SFX/Powerup/BFA_SFX_Powerup_Pickup_Health.ubulk" 2325
"D:/Babys2ndAnnihilation/BitWindy/Content/Audio/SoundFiles/SFX/Powerup/BFA_SFX_Powerup_Pickup_Health.uasset" 2326
"D:/Babys2ndAnnihilation/BitWindy/Content/Audio/SoundFiles/SFX/Powerup/BFA_SFX_Powerup_Pickup_Health.uexp" 2327
"D:/Babys2ndAnnihilation/BitWindy/Content/Audio/Metasounds/Sources/MS_SFX_Powerup_Pickup_Health.uasset" 2328
"D:/Babys2ndAnnihilation/BitWindy/Content/Audio/Metasounds/Sources/MS_SFX_Powerup_Pickup_Health.uexp" 2329
"D:/Babys2ndAnnihilation/BitWindy/Content/Blueprints/BP_Pickup_Heal.uasset" 2330
"D:/Babys2ndAnnihilation/BitWindy/Content/Blueprints/BP_Pickup_Heal.uexp" 2331
"D:/Babys2ndAnnihilation/BitWindy/Content/sA_PickupSet_1/Models/SM_Energy_1.ubulk" 2332
"D:/Babys2ndAnnihilation/BitWindy/Content/sA_PickupSet_1/Models/SM_Energy_1.uasset" 2333
"D:/Babys2ndAnnihilation/BitWindy/Content/sA_PickupSet_1/Models/SM_Energy_1.uexp" 2334
"D:/Babys2ndAnnihilation/BitWindy/Content/sA_PickupSet_1/Fx/NiagaraSystems/NS_Pickup_2.uasset" 2335
"D:/Babys2ndAnnihilation/BitWindy/Content/sA_PickupSet_1/Fx/NiagaraSystems/NS_Pickup_2.uexp" 2336
"D:/Babys2ndAnnihilation/BitWindy/Content/Blueprints/BP_Pickup_SpeedBoost.uasset" 2337
"D:/Babys2ndAnnihilation/BitWindy/Content/Blueprints/BP_Pickup_SpeedBoost.uexp" 2338
"D:/Babys2ndAnnihilation/BitWindy/Content/sA_PickupSet_1/Models/SM_Pickup_Magic.ubulk" 2339
"D:/Babys2ndAnnihilation/BitWindy/Content/sA_PickupSet_1/Models/SM_Pickup_Magic.uasset" 2340
"D:/Babys2ndAnnihilation/BitWindy/Content/sA_PickupSet_1/Models/SM_Pickup_Magic.uexp" 2341
"D:/Babys2ndAnnihilation/BitWindy/Content/sA_PickupSet_1/Fx/NiagaraSystems/NS_Pickup_5.uasset" 2342
"D:/Babys2ndAnnihilation/BitWindy/Content/sA_PickupSet_1/Fx/NiagaraSystems/NS_Pickup_5.uexp" 2343
"D:/Babys2ndAnnihilation/BitWindy/Content/Blueprints/BP_Pickup_FireRate.uasset" 2344
"D:/Babys2ndAnnihilation/BitWindy/Content/Blueprints/BP_Pickup_FireRate.uexp" 2345
"D:/Babys2ndAnnihilation/BitWindy/Content/Levels/LV_TowerDefense.uexp" 2346
"D:/Babys2ndAnnihilation/BitWindy/Content/Levels/LV_TowerDefense.umap" 2347
"D:/Babys2ndAnnihilation/BitWindy/Content/Levels/Lvl_Lobby.uexp" 2348
"D:/Babys2ndAnnihilation/BitWindy/Content/Levels/Lvl_Lobby.umap" 2349
"D:/Babys2ndAnnihilation/BitWindy/Content/Levels/Lvl_LoadLevel.uexp" 2350
"D:/Babys2ndAnnihilation/BitWindy/Content/Levels/Lvl_LoadLevel.umap" 2351
